Assignment Profile ID,Assignment Profile Title,Active Assignment Profile,Last Propagation Date,Curriculum ID,Curriculum Title,Domain ID,Curriculum Active
PGM-RMT-QACQ_ANALYSTDR,Analyst Data Review Training in the CQ Laboratory,Y,"Apr 26, 2017, 1:52 PM",PGM-RMT-QACQ_ANALYSTDR,PGM-RMT-QACQ_ANALYSTDR: Analyst Data Review Training in the CQ Laboratory,PGM-ROCKY MOUNT,Yes
PGM-RMT-QACQ_API,CQ API Product Processing Chemistry Analysis I-II-III,Y,"Aug 23, 2018, 5:49 PM",PGM-RMT-ALL_NON_EXEMPT,PGM-RMT-ALL_NON_EXEMPT:  ROCKY MOUNT NON EXEMPT EMPLOYEE REQUIREMENTS,PGM-ROCKY MOUNT,Yes
PGM-RMT-QACQ_API,CQ API Product Processing Chemistry Analysis I-II-III,Y,"Aug 23, 2018, 5:49 PM",PGM-RMT-EH_EYE_EXAM,PGM-RMT-EH_EYE_EXAM:  Annual eye exam,PGM-ROCKY MOUNT,Yes
PGM-RMT-QACQ_API,CQ API Product Processing Chemistry Analysis I-II-III,Y,"Aug 23, 2018, 5:49 PM",PGM-RMT-QACQ_API_REQ,PGM-RMT-QACQ_API_REQ: CQ General Requirements for API,PGM-ROCKY MOUNT,Yes
PGM-RMT-QACQ_API,CQ API Product Processing Chemistry Analysis I-II-III,Y,"Aug 23, 2018, 5:49 PM",PGM-RMT-QACQ_GEN_ANALYST,PGM-RMT-QACQ_GEN_ANALYST: CQ General Requirements for Analyst,PGM-ROCKY MOUNT,Yes
PGM-RMT-QACQ_API,CQ API Product Processing Chemistry Analysis I-II-III,Y,"Aug 23, 2018, 5:49 PM",PGM-RMT-QACQ_GEN_REQ,PGM-RMT-QACQ_GEN_REQ: CQ Department Requirements,PGM-ROCKY MOUNT,Yes
PGM-RMT-QACQ_API,CQ API Product Processing Chemistry Analysis I-II-III,Y,"Aug 23, 2018, 5:49 PM",PGM-RMT-QACQ_LABEXIA,PGM-RMT-QACQ_LABEXIA: Labexia LXA Washer-Dryer Operation,PGM-ROCKY MOUNT,Yes
PGM-RMT-QACQ_API,CQ API Product Processing Chemistry Analysis I-II-III,Y,"Aug 23, 2018, 5:49 PM",PGM-RMT-QA_CV,PGM-RMT-QA_CV:  Curriculum Vitae,PGM-ROCKY MOUNT,Yes
PGM-RMT-QACQ_BLP_GLASS,Glassware Cleaning and Use in the CQ Lab,Y,"Sep 12, 2017, 11:28 AM",PGM-RMT-QACQ_BLP_GLASS,PGM-RMT-QACQ_BLP_GLASS: Glassware Cleaning and Use in the CQ Lab,PGM-ROCKY MOUNT,Yes
PGM-RMT-QACQ_BLP_GLASS_I,Glassware Cleaning and Use in the CQ Lab (instructor),Y,"Apr 26, 2017, 2:17 PM",PGM-RMT-QACQ_BLP_GLASS_I,PGM-RMT-QACQ_BLP_GLASS_I: Use and Cleaning of Glassware in the CQ Laboratory (instructor),PGM-ROCKY MOUNT,Yes
PGM-RMT-QACQ_BLP_HM,Heavy Metal Testing in the CQ Laboratory,Y,"Sep 12, 2017, 11:37 AM",PGM-RMT-QACQ_BLP_HM,PGM-RMT-QACQ_BLP_HM: Heavy Metal Testing in the CQ Laboratory,PGM-ROCKY MOUNT,Yes
PGM-RMT-QACQ_BLP_HM_I,Heavy Metal Testing in the CQ Laboratory (Instructor),Y,"Apr 26, 2017, 2:22 PM",PGM-RMT-QACQ_BLP_HM_IG,PGM-RMT-QACQ_BLP_HM_IG: Heavy Metal Testing (Instructor Guide),PGM-ROCKY MOUNT,Yes
PGM-RMT-QACQ_BLP_ISOLT,Use of the Isolator Glove Box in the CQ Laboratory,Y,"Mar 27, 2018, 4:08 PM",PGM-RMT-QACQ_BLP_ISOLT,PGM-RMT-QACQ_BLP_ISOLT: Use of the Isolator Glove Box in the CQ Laboratory,PGM-ROCKY MOUNT,Yes
PGM-RMT-QACQ_BLP_ISOLT,Use of the Isolator Glove Box in the CQ Laboratory,Y,"Mar 27, 2018, 4:08 PM",PGM-RMT-QACQ_INST_BAL,PGM-RMT-QACQ_INST_BAL: CQ Lab Analytical Balance Usage,PGM-ROCKY MOUNT,Yes
PGM-RMT-QACQ_BLP_PH,pH Testing (Non-Versa Star) in the CQ Laboratory,Y,"Apr 26, 2017, 2:36 PM",PGM-RMT-QACQ_BLP_PH_TQ,PGM-RMT-QACQ_BLP_PH_TQ: pH Testing (Non-Versa Star) in the CQ Laboratory,PGM-ROCKY MOUNT,Yes
PGM-RMT-QACQ_BLP_TITR,Performing Manual Titrations in the CQ Lab,Y,"Feb 21, 2018, 8:55 PM",PGM-RMT-QACQ_BLP_TITR,PGM-RMT-QACQ_BLP_TITR: Performing Manual Titrations in the CQ Lab,PGM-ROCKY MOUNT,Yes
PGM-RMT-QACQ_BLP_TLC,TLC Technique and Testing in the CQ Laboratory,Y,"Jun 13, 2018, 4:56 PM",PGM-RMT-QACQ_BLP_TLC,PGM-RMT-QACQ_BLP_TLC: TLC Technique and Testing in the CQ Laboratory,PGM-ROCKY MOUNT,Yes
PGM-RMT-QACQ_COMPL_SPEC,CQ Compliance Specialist,Y,"Aug 9, 2019, 12:55 PM",PGM-RMT-ALL_NON_EXEMPT,PGM-RMT-ALL_NON_EXEMPT:  ROCKY MOUNT NON EXEMPT EMPLOYEE REQUIREMENTS,PGM-ROCKY MOUNT,Yes
PGM-RMT-QACQ_COMPL_SPEC,CQ Compliance Specialist,Y,"Aug 9, 2019, 12:55 PM",PGM-RMT-QACQ_CAPA,PGM-RMT-QACQ_CAPA: CQ Module for CAPA's,PGM-ROCKY MOUNT,Yes
PGM-RMT-QACQ_COMPL_SPEC,CQ Compliance Specialist,Y,"Aug 9, 2019, 12:55 PM",PGM-RMT-QACQ_GEN_REQ,PGM-RMT-QACQ_GEN_REQ: CQ Department Requirements,PGM-ROCKY MOUNT,Yes
PGM-RMT-QACQ_COMPL_SPEC,CQ Compliance Specialist,Y,"Aug 9, 2019, 12:55 PM",PGM-RMT-QACQ_SAFETY,PGM-RMT-QACQ_SAFETY: Safety Training for the CQ Laboratory,PGM-ROCKY MOUNT,Yes
PGM-RMT-QACQ_COMP_CDA,CQ Laboratory Controlled Drug Agent Training,Y,"Jan 19, 2018, 5:57 PM",PGM-RMT-QACQ_COMP_CDA,PGM-RMT-QACQ_COMP_CDA: CQ Laboratory Controlled Drug Agent Training,PGM-ROCKY MOUNT,Yes
PGM-RMT-QACQ_COMP_NCDA,Controlled Drug Handling for Non-CDAs in the CQ Laboratory,Y,"Apr 26, 2017, 3:22 PM",PGM-RMT-QACQ_COMP_NCDA,PGM-RMT-QACQ_COMP_NCDA: Controlled Drug Handling for Non-CDAs in the CQ Laboratory,PGM-ROCKY MOUNT,Yes
PGM-RMT-QACQ_DOC_SP,CQ Documentation Specialist,Y,"Feb 1, 2019, 6:06 PM",PGM-RMT-ALL_NON_EXEMPT,PGM-RMT-ALL_NON_EXEMPT:  ROCKY MOUNT NON EXEMPT EMPLOYEE REQUIREMENTS,PGM-ROCKY MOUNT,Yes
PGM-RMT-QACQ_DOC_SP,CQ Documentation Specialist,Y,"Feb 1, 2019, 6:06 PM",PGM-RMT-MM_HIRISE_SYSTEM,PGM-RMT-MM_HIRISE_SYSTEM: HiRise HK System Users,PGM-ROCKY MOUNT,Yes
PGM-RMT-QACQ_DOC_SP,CQ Documentation Specialist,Y,"Feb 1, 2019, 6:06 PM",PGM-RMT-QACQ_DOC_SP,PGM-RMT-QACQ_DOC_SP: Rocky Mount CQ Documentation Specialist,PGM-ROCKY MOUNT,Yes
PGM-RMT-QACQ_DOC_SP,CQ Documentation Specialist,Y,"Feb 1, 2019, 6:06 PM",PGM-RMT-QACQ_GEN_REQ,PGM-RMT-QACQ_GEN_REQ: CQ Department Requirements,PGM-ROCKY MOUNT,Yes
PGM-RMT-QACQ_DOC_SP,CQ Documentation Specialist,Y,"Feb 1, 2019, 6:06 PM",PGM-RMT-QACQ_GEN_SF_TRN,PGM-RMT-QACQ_GEN_SF_TRN: Non Analyst Safety Training,PGM-ROCKY MOUNT,Yes
PGM-RMT-QACQ_DOC_SP,CQ Documentation Specialist,Y,"Feb 1, 2019, 6:06 PM",PGM-RMT-QA_CV,PGM-RMT-QA_CV:  Curriculum Vitae,PGM-ROCKY MOUNT,Yes
PGM-RMT-QACQ_EMP3_GUEST,Chemical Quality Empower 3 Guest Training,Y,"Apr 26, 2017, 5:27 PM",PGM-RMT-QACQ_EMP3_GUEST,PGM-RMT-QACQ_EMP3_GUEST: Empower 3 Training for Guest,PGM-ROCKY MOUNT,Yes
PGM-RMT-QACQ_FINPROC_REQ,CQ Final Product Processing Chemistry Analysis I - II - III,Y,"Aug 23, 2018, 5:50 PM",PGM-RMT-ALL_NON_EXEMPT,PGM-RMT-ALL_NON_EXEMPT:  ROCKY MOUNT NON EXEMPT EMPLOYEE REQUIREMENTS,PGM-ROCKY MOUNT,Yes
PGM-RMT-QACQ_FINPROC_REQ,CQ Final Product Processing Chemistry Analysis I - II - III,Y,"Aug 23, 2018, 5:50 PM",PGM-RMT-EH_EYE_EXAM,PGM-RMT-EH_EYE_EXAM:  Annual eye exam,PGM-ROCKY MOUNT,Yes
PGM-RMT-QACQ_FINPROC_REQ,CQ Final Product Processing Chemistry Analysis I - II - III,Y,"Aug 23, 2018, 5:50 PM",PGM-RMT-QACQ_GEN_ANALYST,PGM-RMT-QACQ_GEN_ANALYST: CQ General Requirements for Analyst,PGM-ROCKY MOUNT,Yes
PGM-RMT-QACQ_FINPROC_REQ,CQ Final Product Processing Chemistry Analysis I - II - III,Y,"Aug 23, 2018, 5:50 PM",PGM-RMT-QACQ_GEN_REQ,PGM-RMT-QACQ_GEN_REQ: CQ Department Requirements,PGM-ROCKY MOUNT,Yes
PGM-RMT-QACQ_FINPROC_REQ,CQ Final Product Processing Chemistry Analysis I - II - III,Y,"Aug 23, 2018, 5:50 PM",PGM-RMT-QACQ_LABEXIA,PGM-RMT-QACQ_LABEXIA: Labexia LXA Washer-Dryer Operation,PGM-ROCKY MOUNT,Yes
PGM-RMT-QACQ_FINPROC_REQ,CQ Final Product Processing Chemistry Analysis I - II - III,Y,"Aug 23, 2018, 5:50 PM",PGM-RMT-QA_CV,PGM-RMT-QA_CV:  Curriculum Vitae,PGM-ROCKY MOUNT,Yes
PGM-RMT-QACQ_GDP_DR,Data Review Training in the CQ Laboratory,Y,"Aug 2, 2017, 5:42 PM",PGM-RMT-ALL_NON_EXEMPT,PGM-RMT-ALL_NON_EXEMPT:  ROCKY MOUNT NON EXEMPT EMPLOYEE REQUIREMENTS,PGM-ROCKY MOUNT,Yes
PGM-RMT-QACQ_GDP_DR,Data Review Training in the CQ Laboratory,Y,"Aug 2, 2017, 5:42 PM",PGM-RMT-QACQ_API_REQ,PGM-RMT-QACQ_API_REQ: CQ General Requirements for API,PGM-ROCKY MOUNT,Yes
PGM-RMT-QACQ_GDP_DR,Data Review Training in the CQ Laboratory,Y,"Aug 2, 2017, 5:42 PM",PGM-RMT-QACQ_CAPA,PGM-RMT-QACQ_CAPA: CQ Module for CAPA's,PGM-ROCKY MOUNT,Yes
PGM-RMT-QACQ_GDP_DR,Data Review Training in the CQ Laboratory,Y,"Aug 2, 2017, 5:42 PM",PGM-RMT-QACQ_EMP3_ANALYST,PGM-RMT-QACQ_EMP3_ANALYST: Empower 3 Training for Analyst,PGM-ROCKY MOUNT,Yes
PGM-RMT-QACQ_GDP_DR,Data Review Training in the CQ Laboratory,Y,"Aug 2, 2017, 5:42 PM",PGM-RMT-QACQ_GDP_DR,PGM-RMT-QACQ_GDP_DR: Data Review Training in the CQ Laboratory,PGM-ROCKY MOUNT,Yes
PGM-RMT-QACQ_GDP_DR,Data Review Training in the CQ Laboratory,Y,"Aug 2, 2017, 5:42 PM",PGM-RMT-QACQ_GEN_REQ,PGM-RMT-QACQ_GEN_REQ: CQ Department Requirements,PGM-ROCKY MOUNT,Yes
PGM-RMT-QACQ_GDP_DR,Data Review Training in the CQ Laboratory,Y,"Aug 2, 2017, 5:42 PM",PGM-RMT-QACQ_GEN_SF_TRN,PGM-RMT-QACQ_GEN_SF_TRN: Non Analyst Safety Training,PGM-ROCKY MOUNT,Yes
PGM-RMT-QACQ_GDP_DR,Data Review Training in the CQ Laboratory,Y,"Aug 2, 2017, 5:42 PM",PGM-RMT-QACQ_INSTRUMENTS,PGM-RMT-QACQ_INSTRUMENTS: CQ Instrumentation,PGM-ROCKY MOUNT,Yes
PGM-RMT-QACQ_GDP_DR,Data Review Training in the CQ Laboratory,Y,"Aug 2, 2017, 5:42 PM",PGM-RMT-QACQ_SQ_REQ,PGM-RMT-QACQ_SQ_REQ: General SQ Requirements,PGM-ROCKY MOUNT,Yes
PGM-RMT-QACQ_GDP_DR,Data Review Training in the CQ Laboratory,Y,"Aug 2, 2017, 5:42 PM",PGM-RMT-QA_CV,PGM-RMT-QA_CV:  Curriculum Vitae,PGM-ROCKY MOUNT,Yes
PGM-RMT-QACQ_GDP_P1,CQ Lab Notebooks Good Documentation Practices Part 1,Y,"Sep 12, 2017, 11:29 AM",PGM-RMT-QACQ_GDP_P1,PGM-RMT-QACQ_GDP_P1: Cq Lab Notebooks Good Documentation Practices Part 1,PGM-ROCKY MOUNT,Yes
PGM-RMT-QACQ_GDP_P1_I,CQ Lab Notebooks Good Documentation Practices Part 1 (instructor),Y,"Aug 28, 2019, 5:58 PM",PGM-RMT-QACQ_GDP_P1,PGM-RMT-QACQ_GDP_P1: Cq Lab Notebooks Good Documentation Practices Part 1,PGM-ROCKY MOUNT,Yes
PGM-RMT-QACQ_GDP_P1_I,CQ Lab Notebooks Good Documentation Practices Part 1 (instructor),Y,"Aug 28, 2019, 5:58 PM",PGM-RMT-QACQ_GDP_P1_I,PGM-RMT-QACQ_GDP_P1_I : CQ Lab Notebooks Good Documentation Practices Part 1 (instructor),PGM-ROCKY MOUNT,Yes
PGM-RMT-QACQ_GDP_SRDR,Senior Data Review Training in the CQ Laboratory,Y,"Feb 20, 2018, 11:17 AM",PGM-RMT-ALLEXEMPT,PGM-RMT-ALLEXEMPT: Training for All Exempt,PGM-ROCKY MOUNT,Yes
PGM-RMT-QACQ_GDP_SRDR,Senior Data Review Training in the CQ Laboratory,Y,"Feb 20, 2018, 11:17 AM",PGM-RMT-QACQ_API_REQ,PGM-RMT-QACQ_API_REQ: CQ General Requirements for API,PGM-ROCKY MOUNT,Yes
PGM-RMT-QACQ_GDP_SRDR,Senior Data Review Training in the CQ Laboratory,Y,"Feb 20, 2018, 11:17 AM",PGM-RMT-QACQ_CAPA,PGM-RMT-QACQ_CAPA: CQ Module for CAPA's,PGM-ROCKY MOUNT,Yes
PGM-RMT-QACQ_GDP_SRDR,Senior Data Review Training in the CQ Laboratory,Y,"Feb 20, 2018, 11:17 AM",PGM-RMT-QACQ_DATAINSTRUCT,PGM-RMT-QACQ_DATAINSTRUCT: CQ Lab Data Review Instructor,PGM-ROCKY MOUNT,Yes
PGM-RMT-QACQ_GDP_SRDR,Senior Data Review Training in the CQ Laboratory,Y,"Feb 20, 2018, 11:17 AM",PGM-RMT-QACQ_EMP3_ANALYST,PGM-RMT-QACQ_EMP3_ANALYST: Empower 3 Training for Analyst,PGM-ROCKY MOUNT,Yes
PGM-RMT-QACQ_GDP_SRDR,Senior Data Review Training in the CQ Laboratory,Y,"Feb 20, 2018, 11:17 AM",PGM-RMT-QACQ_GDP_DR,PGM-RMT-QACQ_GDP_DR: Data Review Training in the CQ Laboratory,PGM-ROCKY MOUNT,Yes
PGM-RMT-QACQ_GDP_SRDR,Senior Data Review Training in the CQ Laboratory,Y,"Feb 20, 2018, 11:17 AM",PGM-RMT-QACQ_GEN_REQ,PGM-RMT-QACQ_GEN_REQ: CQ Department Requirements,PGM-ROCKY MOUNT,Yes
PGM-RMT-QACQ_GDP_SRDR,Senior Data Review Training in the CQ Laboratory,Y,"Feb 20, 2018, 11:17 AM",PGM-RMT-QACQ_GEN_SF_TRN,PGM-RMT-QACQ_GEN_SF_TRN: Non Analyst Safety Training,PGM-ROCKY MOUNT,Yes
PGM-RMT-QACQ_GDP_SRDR,Senior Data Review Training in the CQ Laboratory,Y,"Feb 20, 2018, 11:17 AM",PGM-RMT-QACQ_INSTRUMENTS,PGM-RMT-QACQ_INSTRUMENTS: CQ Instrumentation,PGM-ROCKY MOUNT,Yes
PGM-RMT-QACQ_GDP_SRDR,Senior Data Review Training in the CQ Laboratory,Y,"Feb 20, 2018, 11:17 AM",PGM-RMT-QACQ_SQ_REQ,PGM-RMT-QACQ_SQ_REQ: General SQ Requirements,PGM-ROCKY MOUNT,Yes
PGM-RMT-QACQ_GDP_SRDR,Senior Data Review Training in the CQ Laboratory,Y,"Feb 20, 2018, 11:17 AM",PGM-RMT-QA_CV,PGM-RMT-QA_CV:  Curriculum Vitae,PGM-ROCKY MOUNT,Yes
PGM-RMT-QACQ_GDP_SRDR,Senior Data Review Training in the CQ Laboratory,Y,"Feb 20, 2018, 11:17 AM",PGM-RMT-QA_QUALITYLEADER,PGM-RMT-QA_QUALITYLEADER: Training Requirements for Quality Leaders,PGM-ROCKY MOUNT,Yes
PGM-RMT-QACQ_IM_ANALYST,Rocky Mount Chemistry Incoming Material Analyst,Y,"Jul 31, 2017, 4:30 PM",PGM-RMT-GL_IS_M_PC_TECHNICAL,PGM-RMT-GL_IS_M_PC_TECHNICAL: Infusion System Purchasing Control Quality Technical,PGM-ROCKY MOUNT,Yes
PGM-RMT-QACQ_IM_ANALYST,Rocky Mount Chemistry Incoming Material Analyst,Y,"Jul 31, 2017, 4:30 PM",PGM-RMT-QACQ_GEN_REQ,PGM-RMT-QACQ_GEN_REQ: CQ Department Requirements,PGM-ROCKY MOUNT,Yes
PGM-RMT-QACQ_IM_ANALYST,Rocky Mount Chemistry Incoming Material Analyst,Y,"Jul 31, 2017, 4:30 PM",PGM-RMT-QACQ_GEN_SF_TRN,PGM-RMT-QACQ_GEN_SF_TRN: Non Analyst Safety Training,PGM-ROCKY MOUNT,Yes
PGM-RMT-QACQ_IM_ANALYST,Rocky Mount Chemistry Incoming Material Analyst,Y,"Jul 31, 2017, 4:30 PM",PGM-RMT-QACQ_IM_GEN_REQ,PGM-RMT-QACQ_IM_GEN_REQ: Chemistry Incoming Material Analyst General Requirement,PGM-ROCKY MOUNT,Yes
PGM-RMT-QACQ_INC_MAT_CDR,Incoming Material Chemical Data Reviewer,Y,"Jul 2, 2019, 3:48 PM",PGM-RMT-ALL_NON_EXEMPT,PGM-RMT-ALL_NON_EXEMPT:  ROCKY MOUNT NON EXEMPT EMPLOYEE REQUIREMENTS,PGM-ROCKY MOUNT,Yes
PGM-RMT-QACQ_INC_MAT_CDR,Incoming Material Chemical Data Reviewer,Y,"Jul 2, 2019, 3:48 PM",PGM-RMT-QASQ_LAB_TECH,PGM-RMT-QASQ_LAB_TECH: Requirements for SQ Lab Tech,PGM-ROCKY MOUNT,Yes
PGM-RMT-QACQ_INC_MAT_CDR,Incoming Material Chemical Data Reviewer,Y,"Jul 2, 2019, 3:48 PM",PGM-RMT-QA_CV,PGM-RMT-QA_CV:  Curriculum Vitae,PGM-ROCKY MOUNT,Yes
PGM-RMT-QACQ_INC_MAT_NSUP,CQ Incoming Material,Y,"Jun 10, 2019, 6:08 PM",PGM-RMT-ALL_NON_EXEMPT,PGM-RMT-ALL_NON_EXEMPT:  ROCKY MOUNT NON EXEMPT EMPLOYEE REQUIREMENTS,PGM-ROCKY MOUNT,Yes
PGM-RMT-QACQ_INC_MAT_NSUP,CQ Incoming Material,Y,"Jun 10, 2019, 6:08 PM",PGM-RMT-EH_EYE_EXAM,PGM-RMT-EH_EYE_EXAM:  Annual eye exam,PGM-ROCKY MOUNT,Yes
PGM-RMT-QACQ_INC_MAT_NSUP,CQ Incoming Material,Y,"Jun 10, 2019, 6:08 PM",PGM-RMT-QACQ_GEN_SF_TRN,PGM-RMT-QACQ_GEN_SF_TRN: Non Analyst Safety Training,PGM-ROCKY MOUNT,Yes
PGM-RMT-QACQ_INC_MAT_NSUP,CQ Incoming Material,Y,"Jun 10, 2019, 6:08 PM",PGM-RMT-QACQ_INC_MAT_NSUP,PGM-RMT-QACQ_INC_MAT_NSUP:  CQ Incoming Material,PGM-ROCKY MOUNT,Yes
PGM-RMT-QACQ_INC_MAT_NSUP,CQ Incoming Material,Y,"Jun 10, 2019, 6:08 PM",PGM-RMT-QASQ_REQ_ALL,PGM-RMT-QASQ_REQ_ALL: SQ Requirements for All Dept,PGM-ROCKY MOUNT,Yes
PGM-RMT-QACQ_INC_MAT_NSUP,CQ Incoming Material,Y,"Jun 10, 2019, 6:08 PM",PGM-RMT-QA_CV,PGM-RMT-QA_CV:  Curriculum Vitae,PGM-ROCKY MOUNT,Yes
PGM-RMT-QACQ_INSTRUM,CQ Intrumentation Specialist,Y,"Aug 26, 2019, 9:11 PM",PGM-RMT-ALL_NON_EXEMPT,PGM-RMT-ALL_NON_EXEMPT:  ROCKY MOUNT NON EXEMPT EMPLOYEE REQUIREMENTS,PGM-ROCKY MOUNT,Yes
PGM-RMT-QACQ_INSTRUM,CQ Intrumentation Specialist,Y,"Aug 26, 2019, 9:11 PM",PGM-RMT-EN_VRB_NONVAL,PGM-RMT-EN_VRB_NONVAL: VRB for Non Validation Personnel,PGM-ROCKY MOUNT,Yes
PGM-RMT-QACQ_INSTRUM,CQ Intrumentation Specialist,Y,"Aug 26, 2019, 9:11 PM",PGM-RMT-QACQ_EMP3_ADMIN,PGM-RMT-QACQ_EMP3_ADMIN: Empower 3 Training for Project Administrator,PGM-ROCKY MOUNT,Yes
PGM-RMT-QACQ_INSTRUM,CQ Intrumentation Specialist,Y,"Aug 26, 2019, 9:11 PM",PGM-RMT-QACQ_EMP3_ANALYST,PGM-RMT-QACQ_EMP3_ANALYST: Empower 3 Training for Analyst,PGM-ROCKY MOUNT,Yes
PGM-RMT-QACQ_INSTRUM,CQ Intrumentation Specialist,Y,"Aug 26, 2019, 9:11 PM",PGM-RMT-QACQ_EMP3_INST,PGM-RMT-QACQ_EMP3_INST: Empower 3 Training for Site Instrument Coordinator,PGM-ROCKY MOUNT,Yes
PGM-RMT-QACQ_INSTRUM,CQ Intrumentation Specialist,Y,"Aug 26, 2019, 9:11 PM",PGM-RMT-QACQ_GEN_REQ,PGM-RMT-QACQ_GEN_REQ: CQ Department Requirements,PGM-ROCKY MOUNT,Yes
PGM-RMT-QACQ_INSTRUM,CQ Intrumentation Specialist,Y,"Aug 26, 2019, 9:11 PM",PGM-RMT-QACQ_INSTRUM,PGM-RMT-QACQ_INSTRUM: CQ Instrumentation Specialists,PGM-ROCKY MOUNT,Yes
PGM-RMT-QACQ_INSTRUM,CQ Intrumentation Specialist,Y,"Aug 26, 2019, 9:11 PM",PGM-RMT-QACQ_INSTRUMENTS,PGM-RMT-QACQ_INSTRUMENTS: CQ Instrumentation,PGM-ROCKY MOUNT,Yes
PGM-RMT-QACQ_INSTRUM,CQ Intrumentation Specialist,Y,"Aug 26, 2019, 9:11 PM",PGM-RMT-QACQ_INSTTQ,PGM-RMT-QACQ_INSTTQ: CQ Laboratory Instrumentation Technician Requirements,PGM-ROCKY MOUNT,Yes
PGM-RMT-QACQ_INSTRUM,CQ Intrumentation Specialist,Y,"Aug 26, 2019, 9:11 PM",PGM-RMT-QA_CV,PGM-RMT-QA_CV:  Curriculum Vitae,PGM-ROCKY MOUNT,Yes
PGM-RMT-QACQ_INST_AAFL,Flame Atomic Absorption Testing,Y,"Apr 26, 2017, 9:21 PM",PGM-RMT-QACQ_INST_AAFL_TQ,PGM-RMT-QACQ_INSTRUMENTS: AA Flame Testing in the CQ Laboratory Task Qaulification,PGM-ROCKY MOUNT,Yes
PGM-RMT-QACQ_INST_AAGR,AA Graphite Testing in the CQ Laboratory,Y,"Apr 26, 2017, 9:23 PM",PGM-RMT-QACQ_INST_AAGR_TQ,PGM-RMT-QACQ_INST_AAGR_TQ: AA Graphite Testing in the CQ Laboratory,PGM-ROCKY MOUNT,Yes
PGM-RMT-QACQ_INST_BAL,CQ Lab Analytical Balance Usage,Y,"Sep 12, 2017, 11:30 AM",PGM-RMT-QACQ_INST_BAL,PGM-RMT-QACQ_INST_BAL: CQ Lab Analytical Balance Usage,PGM-ROCKY MOUNT,Yes
PGM-RMT-QACQ_INST_BAL_CM,IM Lab Balance Usage for Commodity Measurement,Y,"Aug 5, 2019, 2:23 PM",PGM-RMT-QACQ_INST_BAL_C,PGM-RMT-QACQ_INST_BAL_C:  Balance Usage for Commodity Measurement in the IM Lab SOJT Requirements,PGM-ROCKY MOUNT,Yes
PGM-RMT-QACQ_INST_BAL_CM,IM Lab Balance Usage for Commodity Measurement,Y,"Aug 5, 2019, 2:23 PM",PGM-RMT-QASQ_DRAW_SPECTQ,PGM-RMT-QASQ_DRAW_SPECTQ: SQ Drawing and Specifications,PGM-ROCKY MOUNT,Yes
PGM-RMT-QACQ_INST_BAL_CM,IM Lab Balance Usage for Commodity Measurement,Y,"Aug 5, 2019, 2:23 PM",PGM-RMT-QASQ_SAMPPLN,PGM-RMT-QASQ_SAMPPLN: Sampling Plans for Incoming Materials,PGM-ROCKY MOUNT,Yes
PGM-RMT-QACQ_INST_BYK,BYK Gardner Liquid Color Spectrophotometer in the CQ Laboratory,Y,"Nov 27, 2017, 8:05 PM",PGM-RMT-QACQ_INST_BYKTQ,PGM-RMT-QACQ_INST_BYKTQ:  BYK Gardner Liquid Color Spectrophotometer,PGM-ROCKY MOUNT,Yes
PGM-RMT-QACQ_INST_COLOR,Colorimeter Testing in the CQ Laboratory,Y,"Apr 26, 2017, 9:29 PM",PGM-RMT-QACQ_INST_COLO_TQ,PGM-RMT-QACQ_INST_COLO_TQ: Colorimeter Testing in the CQ Laboratory,PGM-ROCKY MOUNT,Yes
PGM-RMT-QACQ_INST_COND,Obtaining Conductivity Measurements in the CQ Laboratory,Y,"Sep 12, 2017, 11:30 AM",PGM-RMT-QACQ_INST_COND,PGM-RMT-QACQ_INST_COND: Obtaining Conductivity Measurements in the CQ Laboratory,PGM-ROCKY MOUNT,Yes
PGM-RMT-QACQ_INST_DM,Operation of Density Meter in the CQ Laboratory,Y,"Apr 26, 2017, 9:34 PM",PGM-RMT-QACQ_INST_DM,PGM-RMT-QACQ_INST_DM: Operation of Density Meter,PGM-ROCKY MOUNT,Yes
PGM-RMT-QACQ_INST_DM_I,Operation of Density Meter in the CQ Laboratory (Instructor),Y,"Apr 26, 2017, 9:37 PM",PGM-RMT-QACQ_INST_DM_I,PGM-RMT-QACQ_INST_DM_I: Operation of Density Meter (Instructor),PGM-ROCKY MOUNT,Yes
PGM-RMT-QACQ_INST_GC,GC Testing in the CQ Laboratory,Y,"Apr 26, 2017, 9:42 PM",PGM-RMT-QACQ_EMP3_ANALYST,PGM-RMT-QACQ_EMP3_ANALYST: Empower 3 Training for Analyst,PGM-ROCKY MOUNT,Yes
PGM-RMT-QACQ_INST_GC,GC Testing in the CQ Laboratory,Y,"Apr 26, 2017, 9:42 PM",PGM-RMT-QACQ_INST_GC_TQ,PGM-RMT-QACQ_INST_GC_TQ: GC Testing in the CQ Laboratory,PGM-ROCKY MOUNT,Yes
PGM-RMT-QACQ_INST_HPLC,HPLC Testing in the CQ Laboratory,Y,"Apr 26, 2017, 9:57 PM",PGM-RMT-QACQ_EMP3_ANALYST,PGM-RMT-QACQ_EMP3_ANALYST: Empower 3 Training for Analyst,PGM-ROCKY MOUNT,Yes
PGM-RMT-QACQ_INST_HPLC,HPLC Testing in the CQ Laboratory,Y,"Apr 26, 2017, 9:57 PM",PGM-RMT-QACQ_INST_HPLC_TQ,PGM-RMT-QACQ_INST_HPLC_TQ: HPLC Testing in the CQ Laboratory,PGM-ROCKY MOUNT,Yes
PGM-RMT-QACQ_INST_IC,Ion Chromatography Testing in the CQ Laboratory,Y,"Apr 26, 2017, 10:00 PM",PGM-RMT-QACQ_INST_IC_TQ,PGM-RMT-QACQ_INST_IC_TQ: Ion Chromatography Testing in the CQ Laboratory,PGM-ROCKY MOUNT,Yes
PGM-RMT-QACQ_INST_ICPMS,Inductively Coupled Plasma Mass Spectrometry,Y,"Apr 26, 2017, 10:04 PM",PGM-RMT-QACQ_INST_ICPMS,PGM-RMT-QACQ_INST_ICPMS: Inductively Coupled Plasma Mass Spectrometry,PGM-ROCKY MOUNT,Yes
PGM-RMT-QACQ_INST_ICPMS_I,Inductively Coupled Plasma Mass Spectrometry Instructor,Y,"Apr 26, 2017, 10:07 PM",PGM-RMT-QACQ_INST_ICPMS,PGM-RMT-QACQ_INST_ICPMS: Inductively Coupled Plasma Mass Spectrometry,PGM-ROCKY MOUNT,Yes
PGM-RMT-QACQ_INST_ICPMS_I,Inductively Coupled Plasma Mass Spectrometry Instructor,Y,"Apr 26, 2017, 10:07 PM",PGM-RMT-QACQ_INST_ICPMS_I,PGM-RMT-QACQ_INST_ICPMS_I: Inductively Coupled Plasma Mass Spectrometry Instructor,PGM-ROCKY MOUNT,Yes
PGM-RMT-QACQ_INST_IL,IL Flame Photometer: Technique and Testing,Y,"Sep 14, 2017, 1:11 PM",PGM-RMT-QACQ_INST_IL,PGM-RMT-QACQ_INST_IL: IL Flame Photometer: Technique and Testing,PGM-ROCKY MOUNT,Yes
PGM-RMT-QACQ_INST_IR,Infrared Spectroscopy (IR): Technique and Testing,Y,"Feb 21, 2018, 8:52 PM",PGM-RMT-QACQ_INST_IR,PGM-RMT-QACQ_INST_IR: Infrared Spectroscopy (IR): Technique and Testing,PGM-ROCKY MOUNT,Yes
PGM-RMT-QACQ_INST_KF,Performing Karl Fischer and Coulometric Testing in CQ Lab,Y,"Sep 12, 2017, 11:32 AM",PGM-RMT-QACQ_INST_KF,PGM-RMT-QACQ_INST_KF: Performing Karl Fischer and Coulometric Testing in the CQ Laboratory,PGM-ROCKY MOUNT,Yes
PGM-RMT-QACQ_INST_KF_I,Performing Karl Fischer and Coulometric Testing in CQ Lab (instructor),Y,"Apr 26, 2017, 10:19 PM",PGM-RMT-QACQ_INST_KF_I,PGM-RMT-QACQ_INST_KF_I: Performing Karl Fischer and Coulometric Testing in CQ Lab (instructor),PGM-ROCKY MOUNT,Yes
PGM-RMT-QACQ_INST_MELT,Melting Point Testing in the CQ Laboratory,Y,"Apr 26, 2017, 10:22 PM",PGM-RMT-QACQ_INST_MELT_TQ,PGM-RMT-QACQ_INST_MELT_TQ: Melting Point Testing in the CQ Laboratory,PGM-ROCKY MOUNT,Yes
PGM-RMT-QACQ_INST_OSMO,Osmometer Testing in the CQ Laboratory,Y,"Apr 26, 2017, 10:24 PM",PGM-RMT-QACQ_INST_OSMO_TQ,PGM-RMT-QACQ_INST_OSMO_TQ: Osmometer Testing in the CQ Laboratory,PGM-ROCKY MOUNT,Yes
PGM-RMT-QACQ_INST_PH_L,pH Measurement and the Thermo Orion - Laboratory,Y,"Sep 12, 2017, 11:31 AM",PGM-RMT-QACQ_INST_PH_L,PGM-RMT-QACQ_INST_PH_L: pH Measurement and the Thermo Orion - Laboratory,PGM-ROCKY MOUNT,Yes
PGM-RMT-QACQ_INST_PH_M,pH Measurement and the Thermo Orion - Manufacturing,Y,"Apr 26, 2017, 10:37 PM",PGM-RMT-QACQ_INST_PH_M,PGM-RMT-QACQ_INST_PH_M: pH Measurement and the Thermo Orion - Manufacturing,PGM-ROCKY MOUNT,Yes
PGM-RMT-QACQ_INST_PH_M_I,ph Measurement and the Thermo Orion - Manufacturing (instructor),Y,"Apr 26, 2017, 10:41 PM",PGM-RMT-QACQ_INST_PH_M_I,PGM-RMT-QACQ_INST_PH_M_I: ph Measurement and the Thermo Orion - Manufacturing (instructor),PGM-ROCKY MOUNT,Yes
PGM-RMT-QACQ_INST_POLAR,Operation of the Auto-Pol IV Polarimeter in the CQ Lab,Y,"Apr 26, 2017, 10:44 PM",PGM-RMT-QACQ_INST_POLAR,PGM-RMT-QACQ_INST_POLAR: Operation of the Auto-Pol IV Polarimeter in the CQ Lab,PGM-ROCKY MOUNT,Yes
PGM-RMT-QACQ_INST_REFR,Refractor Testing in the CQ Laboratory,Y,"Apr 26, 2017, 10:47 PM",PGM-RMT-QACQ_INST_REFR_TQ,PGM-RMT-QACQ_INST_REFR_TQ: Refractometer Testing in the CQ Laboratory,PGM-ROCKY MOUNT,Yes
PGM-RMT-QACQ_INST_TITR,Performing Potentiometric Auto Titrations in the CQ Lab,Y,"Apr 26, 2017, 10:53 PM",PGM-RMT-QACQ_INST_TITR,PGM-RMT-QACQ_INST_TITR: Performing Potentiometric Auto Titrations in the CQ Laboratory,PGM-ROCKY MOUNT,Yes
PGM-RMT-QACQ_INST_TOC,TOC Testing in the CQ Laboratory,Y,"Apr 26, 2017, 10:57 PM",PGM-RMT-QACQ_INST_TOC_TQ,PGM-RMT-QACQ_INST_TOC_TQ: TOC Testing in the CQ Laboratory,PGM-ROCKY MOUNT,Yes
PGM-RMT-QACQ_INST_UPLC,Chemical Quality Ultra Performance Liquid Chromatography Ins,Y,"Apr 26, 2017, 11:08 PM",PGM-RMT-QACQ_INST_UPLC_TQ,Equipment Proficiency for Ultra Performance Liquid Chromatography Task Qualification,PGM-ROCKY MOUNT,Yes
PGM-RMT-QACQ_INST_UVVIS,Spectrophotometry Technique and Testing in CQ Lab,Y,"Feb 21, 2018, 12:51 PM",PGM-RMT-QACQ_INST_UVVIS,PGM-RMT-QACQ_INST_UVVIS: Spectrophotometry Technique and Testing in the CQ Lab,PGM-ROCKY MOUNT,Yes
PGM-RMT-QACQ_INTERN,Chemical Quality Intern,Y,"Aug 2, 2017, 5:39 PM",PGM-RMT-ALL_NON_EXEMPT,PGM-RMT-ALL_NON_EXEMPT:  ROCKY MOUNT NON EXEMPT EMPLOYEE REQUIREMENTS,PGM-ROCKY MOUNT,Yes
PGM-RMT-QACQ_INTERN,Chemical Quality Intern,Y,"Aug 2, 2017, 5:39 PM",PGM-RMT-EH_EYE_EXAM,PGM-RMT-EH_EYE_EXAM:  Annual eye exam,PGM-ROCKY MOUNT,Yes
PGM-RMT-QACQ_INTERN,Chemical Quality Intern,Y,"Aug 2, 2017, 5:39 PM",PGM-RMT-OPIT_TRSCAN_DEV,PGM-RMT-OPIT_TRSCAN_DEV: TruScan Developer,PGM-ROCKY MOUNT,Yes
PGM-RMT-QACQ_INTERN,Chemical Quality Intern,Y,"Aug 2, 2017, 5:39 PM",PGM-RMT-QACQ_GDP_P1,PGM-RMT-QACQ_GDP_P1: Cq Lab Notebooks Good Documentation Practices Part 1,PGM-ROCKY MOUNT,Yes
PGM-RMT-QACQ_INTERN,Chemical Quality Intern,Y,"Aug 2, 2017, 5:39 PM",PGM-RMT-QACQ_GEN_REQ,PGM-RMT-QACQ_GEN_REQ: CQ Department Requirements,PGM-ROCKY MOUNT,Yes
PGM-RMT-QACQ_INTERN,Chemical Quality Intern,Y,"Aug 2, 2017, 5:39 PM",PGM-RMT-QACQ_GEN_SF_TRN,PGM-RMT-QACQ_GEN_SF_TRN: Non Analyst Safety Training,PGM-ROCKY MOUNT,Yes
PGM-RMT-QACQ_INTERN,Chemical Quality Intern,Y,"Aug 2, 2017, 5:39 PM",PGM-RMT-QACQ_INTRN_REQ,PGM-RMT-QACQ_INTRN_REQ: CQ Intern Requirements,PGM-ROCKY MOUNT,Yes
PGM-RMT-QACQ_INTERN,Chemical Quality Intern,Y,"Aug 2, 2017, 5:39 PM",PGM-RMT-QACQ_SAFETY,PGM-RMT-QACQ_SAFETY: Safety Training for the CQ Laboratory,PGM-ROCKY MOUNT,Yes
PGM-RMT-QACQ_INTERN,Chemical Quality Intern,Y,"Aug 2, 2017, 5:39 PM",PGM-RMT-QA_CV,PGM-RMT-QA_CV:  Curriculum Vitae,PGM-ROCKY MOUNT,Yes
PGM-RMT-QACQ_INTERN,Chemical Quality Intern,Y,"Aug 2, 2017, 5:39 PM",PGM-RMT-SF_LASER_SAFETY,PGM-RMT-SF_LASER_SAFETY: Laser Safety Procedures,PGM-ROCKY MOUNT,Yes
PGM-RMT-QACQ_INVESTIGATOR,Chemical Quality Investigator,Y,"Jun 22, 2018, 2:27 PM",PGM-RMT-ALLEXEMPT,PGM-RMT-ALLEXEMPT: Training for All Exempt,PGM-ROCKY MOUNT,Yes
PGM-RMT-QACQ_INVESTIGATOR,Chemical Quality Investigator,Y,"Jun 22, 2018, 2:27 PM",PGM-RMT-LC_QA_PFE-CD020328,PGM-RMT-LC_QA_PFE-CD020328:  PFE GEMS Data Warehouse,PGM-ROCKY MOUNT,Yes
PGM-RMT-QACQ_INVESTIGATOR,Chemical Quality Investigator,Y,"Jun 22, 2018, 2:27 PM",PGM-RMT-QACQ_CAPA,PGM-RMT-QACQ_CAPA: CQ Module for CAPA's,PGM-ROCKY MOUNT,Yes
PGM-RMT-QACQ_INVESTIGATOR,Chemical Quality Investigator,Y,"Jun 22, 2018, 2:27 PM",PGM-RMT-QACQ_EMP3_GUEST,PGM-RMT-QACQ_EMP3_GUEST: Empower 3 Training for Guest,PGM-ROCKY MOUNT,Yes
PGM-RMT-QACQ_INVESTIGATOR,Chemical Quality Investigator,Y,"Jun 22, 2018, 2:27 PM",PGM-RMT-QACQ_GEN_REQ,PGM-RMT-QACQ_GEN_REQ: CQ Department Requirements,PGM-ROCKY MOUNT,Yes
PGM-RMT-QACQ_INVESTIGATOR,Chemical Quality Investigator,Y,"Jun 22, 2018, 2:27 PM",PGM-RMT-QACQ_GEN_SF_TRN,PGM-RMT-QACQ_GEN_SF_TRN: Non Analyst Safety Training,PGM-ROCKY MOUNT,Yes
PGM-RMT-QACQ_INVESTIGATOR,Chemical Quality Investigator,Y,"Jun 22, 2018, 2:27 PM",PGM-RMT-QACQ_INVEST,PGM-RMT-QACQ_INVEST: CQ Investigation,PGM-ROCKY MOUNT,Yes
PGM-RMT-QACQ_INVESTIGATOR,Chemical Quality Investigator,Y,"Jun 22, 2018, 2:27 PM",PGM-RMT-QA_CV,PGM-RMT-QA_CV:  Curriculum Vitae,PGM-ROCKY MOUNT,Yes
PGM-RMT-QACQ_IRRA_REVIEW,Irradiation Batch Record Specialist,Y,"Apr 3, 2019, 12:00 AM",PGM-RMT-ALL_NON_EXEMPT,PGM-RMT-ALL_NON_EXEMPT:  ROCKY MOUNT NON EXEMPT EMPLOYEE REQUIREMENTS,PGM-ROCKY MOUNT,Yes
PGM-RMT-QACQ_IRRA_REVIEW,Irradiation Batch Record Specialist,Y,"Apr 3, 2019, 12:00 AM",PGM-RMT-QACQ_IRRA_RVW,PGM-RMT-QACQ_IRRA_RVW:  Reviewing Irradiation Batch Records in the Incoming Materials Lab,PGM-ROCKY MOUNT,Yes
PGM-RMT-QACQ_IRRA_REVIEW,Irradiation Batch Record Specialist,Y,"Apr 3, 2019, 12:00 AM",PGM-RMT-QASQ_GDP_NA,PGM-RMT-QASQ_GDP_NA:  Incoming Materials Documentation Training - Non Analyst,PGM-ROCKY MOUNT,Yes
PGM-RMT-QACQ_IRRA_REVIEW,Irradiation Batch Record Specialist,Y,"Apr 3, 2019, 12:00 AM",PGM-RMT-QASQ_STK_LOCATOR,PGM-RMT-QASQ_STK_LOCATOR: Stock Locator Activities for SQ,PGM-ROCKY MOUNT,Yes
PGM-RMT-QACQ_IRRA_REVIEW,Irradiation Batch Record Specialist,Y,"Apr 3, 2019, 12:00 AM",PGM-RMT-QA_CV,PGM-RMT-QA_CV:  Curriculum Vitae,PGM-ROCKY MOUNT,Yes
PGM-RMT-QACQ_LAMINAR_FLOW,Usage of Laminar Flow Hoods and Portable Inspection Booths in the Incoming Materials Lab,Y,"Jul 22, 2019, 5:19 PM",PGM-RMT-QACQ_LAM_FLOW,SOJT Requirements for the use of Laminar Flow Hoods and Portable Inspection Booths in the IM Lab,PGM-ROCKY MOUNT,Yes
PGM-RMT-QACQ_LSA,Lab Systems Administrator in CQ,Y,"Apr 25, 2019, 12:00 AM",PGM-RMT-ALLEXEMPT,PGM-RMT-ALLEXEMPT: Training for All Exempt,PGM-ROCKY MOUNT,Yes
PGM-RMT-QACQ_LSA,Lab Systems Administrator in CQ,Y,"Apr 25, 2019, 12:00 AM",PGM-RMT-QACQ_GEN_SF_TRN,PGM-RMT-QACQ_GEN_SF_TRN: Non Analyst Safety Training,PGM-ROCKY MOUNT,Yes
PGM-RMT-QACQ_LSA,Lab Systems Administrator in CQ,Y,"Apr 25, 2019, 12:00 AM",PGM-RMT-QACQ_LSA,PGM-RMT-QACQ_LSA: Lab Systems Administrator in CQ,PGM-ROCKY MOUNT,Yes
PGM-RMT-QACQ_LSA,Lab Systems Administrator in CQ,Y,"Apr 25, 2019, 12:00 AM",PGM-RMT-QA_CV,PGM-RMT-QA_CV:  Curriculum Vitae,PGM-ROCKY MOUNT,Yes
PGM-RMT-QACQ_MTHD_TRNSFR,CQ Method Transfer Processing Chemistry Analysis I-II-III,Y,"Aug 23, 2018, 5:51 PM",PGM-RMT-ALL_NON_EXEMPT,PGM-RMT-ALL_NON_EXEMPT:  ROCKY MOUNT NON EXEMPT EMPLOYEE REQUIREMENTS,PGM-ROCKY MOUNT,Yes
PGM-RMT-QACQ_MTHD_TRNSFR,CQ Method Transfer Processing Chemistry Analysis I-II-III,Y,"Aug 23, 2018, 5:51 PM",PGM-RMT-EH_EYE_EXAM,PGM-RMT-EH_EYE_EXAM:  Annual eye exam,PGM-ROCKY MOUNT,Yes
PGM-RMT-QACQ_MTHD_TRNSFR,CQ Method Transfer Processing Chemistry Analysis I-II-III,Y,"Aug 23, 2018, 5:51 PM",PGM-RMT-QACQ_GEN_ANALYST,PGM-RMT-QACQ_GEN_ANALYST: CQ General Requirements for Analyst,PGM-ROCKY MOUNT,Yes
PGM-RMT-QACQ_MTHD_TRNSFR,CQ Method Transfer Processing Chemistry Analysis I-II-III,Y,"Aug 23, 2018, 5:51 PM",PGM-RMT-QACQ_GEN_REQ,PGM-RMT-QACQ_GEN_REQ: CQ Department Requirements,PGM-ROCKY MOUNT,Yes
PGM-RMT-QACQ_MTHD_TRNSFR,CQ Method Transfer Processing Chemistry Analysis I-II-III,Y,"Aug 23, 2018, 5:51 PM",PGM-RMT-QACQ_LABEXIA,PGM-RMT-QACQ_LABEXIA: Labexia LXA Washer-Dryer Operation,PGM-ROCKY MOUNT,Yes
PGM-RMT-QACQ_MTHD_TRNSFR,CQ Method Transfer Processing Chemistry Analysis I-II-III,Y,"Aug 23, 2018, 5:51 PM",PGM-RMT-QACQ_MT_REQ,PGM-RMT-QACQ_MT_REQ: CQ General Requirements for Method Transfer,PGM-ROCKY MOUNT,Yes
PGM-RMT-QACQ_MTHD_TRNSFR,CQ Method Transfer Processing Chemistry Analysis I-II-III,Y,"Aug 23, 2018, 5:51 PM",PGM-RMT-QA_CV,PGM-RMT-QA_CV:  Curriculum Vitae,PGM-ROCKY MOUNT,Yes
PGM-RMT-QACQ_ORIEN_CERT5,CQ Analyst Certification Phase 5,Y,"Apr 27, 2017, 10:26 AM",PGM-RMT-QACQ_ORIEN_CERT5,PGM-RMT-QACQ_ORIEN_CERT5: CQ Analyst Certification Phase 5,PGM-ROCKY MOUNT,Yes
PGM-RMT-QACQ_SAFEINSTRUCT,CQ Lab Safety Instructor,Y,"Apr 27, 2017, 10:30 AM",PGM-RMT-QACQ_SAFEINSTRUCT,PGM-RMT-QACQ_SAFEINSTRUCT: CQ Lab Safety Instructor,PGM-ROCKY MOUNT,Yes
PGM-RMT-QACQ_SAFEINSTRUCT,CQ Lab Safety Instructor,Y,"Apr 27, 2017, 10:30 AM",PGM-RMT-QACQ_SAFETY,PGM-RMT-QACQ_SAFETY: Safety Training for the CQ Laboratory,PGM-ROCKY MOUNT,Yes
PGM-RMT-QACQ_SAFETY,Safety Training for the CQ Laboratory,Y,"Sep 12, 2017, 11:31 AM",PGM-RMT-QACQ_SAFETY,PGM-RMT-QACQ_SAFETY: Safety Training for the CQ Laboratory,PGM-ROCKY MOUNT,Yes
PGM-RMT-QACQ_SR_CQANALYST,Senior CQ Analyst General Requirements,Y,"Aug 28, 2018, 6:20 PM",PGM-RMT-ALL_NON_EXEMPT,PGM-RMT-ALL_NON_EXEMPT:  ROCKY MOUNT NON EXEMPT EMPLOYEE REQUIREMENTS,PGM-ROCKY MOUNT,Yes
PGM-RMT-QACQ_SR_CQANALYST,Senior CQ Analyst General Requirements,Y,"Aug 28, 2018, 6:20 PM",PGM-RMT-EH_EYE_EXAM,PGM-RMT-EH_EYE_EXAM:  Annual eye exam,PGM-ROCKY MOUNT,Yes
PGM-RMT-QACQ_SR_CQANALYST,Senior CQ Analyst General Requirements,Y,"Aug 28, 2018, 6:20 PM",PGM-RMT-QACQ_EMP3_ADMIN,PGM-RMT-QACQ_EMP3_ADMIN: Empower 3 Training for Project Administrator,PGM-ROCKY MOUNT,Yes
PGM-RMT-QACQ_SR_CQANALYST,Senior CQ Analyst General Requirements,Y,"Aug 28, 2018, 6:20 PM",PGM-RMT-QACQ_EMP3_ANALYST,PGM-RMT-QACQ_EMP3_ANALYST: Empower 3 Training for Analyst,PGM-ROCKY MOUNT,Yes
PGM-RMT-QACQ_SR_CQANALYST,Senior CQ Analyst General Requirements,Y,"Aug 28, 2018, 6:20 PM",PGM-RMT-QACQ_GEN_ANALYST,PGM-RMT-QACQ_GEN_ANALYST: CQ General Requirements for Analyst,PGM-ROCKY MOUNT,Yes
PGM-RMT-QACQ_SR_CQANALYST,Senior CQ Analyst General Requirements,Y,"Aug 28, 2018, 6:20 PM",PGM-RMT-QACQ_GEN_REQ,PGM-RMT-QACQ_GEN_REQ: CQ Department Requirements,PGM-ROCKY MOUNT,Yes
PGM-RMT-QACQ_SR_CQANALYST,Senior CQ Analyst General Requirements,Y,"Aug 28, 2018, 6:20 PM",PGM-RMT-QACQ_LABEXIA,PGM-RMT-QACQ_LABEXIA: Labexia LXA Washer-Dryer Operation,PGM-ROCKY MOUNT,Yes
PGM-RMT-QACQ_SR_CQANALYST,Senior CQ Analyst General Requirements,Y,"Aug 28, 2018, 6:20 PM",PGM-RMT-QA_CV,PGM-RMT-QA_CV:  Curriculum Vitae,PGM-ROCKY MOUNT,Yes
PGM-RMT-QACQ_SUPV_GEN_REQ,CQ Chemistry Supervisor,Y,"Aug 2, 2017, 5:45 PM",PGM-RMT-ALLEXEMPT,PGM-RMT-ALLEXEMPT: Training for All Exempt,PGM-ROCKY MOUNT,Yes
PGM-RMT-QACQ_SUPV_GEN_REQ,CQ Chemistry Supervisor,Y,"Aug 2, 2017, 5:45 PM",PGM-RMT-QACQ_CAPA,PGM-RMT-QACQ_CAPA: CQ Module for CAPA's,PGM-ROCKY MOUNT,Yes
PGM-RMT-QACQ_SUPV_GEN_REQ,CQ Chemistry Supervisor,Y,"Aug 2, 2017, 5:45 PM",PGM-RMT-QACQ_EMP3_ADMIN,PGM-RMT-QACQ_EMP3_ADMIN: Empower 3 Training for Project Administrator,PGM-ROCKY MOUNT,Yes
PGM-RMT-QACQ_SUPV_GEN_REQ,CQ Chemistry Supervisor,Y,"Aug 2, 2017, 5:45 PM",PGM-RMT-QACQ_EMP3_ANALYST,PGM-RMT-QACQ_EMP3_ANALYST: Empower 3 Training for Analyst,PGM-ROCKY MOUNT,Yes
PGM-RMT-QACQ_SUPV_GEN_REQ,CQ Chemistry Supervisor,Y,"Aug 2, 2017, 5:45 PM",PGM-RMT-QACQ_GEN_REQ,PGM-RMT-QACQ_GEN_REQ: CQ Department Requirements,PGM-ROCKY MOUNT,Yes
PGM-RMT-QACQ_SUPV_GEN_REQ,CQ Chemistry Supervisor,Y,"Aug 2, 2017, 5:45 PM",PGM-RMT-QACQ_GEN_SF_TRN,PGM-RMT-QACQ_GEN_SF_TRN: Non Analyst Safety Training,PGM-ROCKY MOUNT,Yes
PGM-RMT-QACQ_SUPV_GEN_REQ,CQ Chemistry Supervisor,Y,"Aug 2, 2017, 5:45 PM",PGM-RMT-QACQ_INSTRUMENTS,PGM-RMT-QACQ_INSTRUMENTS: CQ Instrumentation,PGM-ROCKY MOUNT,Yes
PGM-RMT-QACQ_SUPV_GEN_REQ,CQ Chemistry Supervisor,Y,"Aug 2, 2017, 5:45 PM",PGM-RMT-QACQ_LABEXIA,PGM-RMT-QACQ_LABEXIA: Labexia LXA Washer-Dryer Operation,PGM-ROCKY MOUNT,Yes
PGM-RMT-QACQ_SUPV_GEN_REQ,CQ Chemistry Supervisor,Y,"Aug 2, 2017, 5:45 PM",PGM-RMT-QACQ_SUPV_GEN_REQ,PGM-RMT-QACQ_SUPV_GEN_REQ: General Requirements for Chemistry Supervisor,PGM-ROCKY MOUNT,Yes
PGM-RMT-QACQ_SUPV_GEN_REQ,CQ Chemistry Supervisor,Y,"Aug 2, 2017, 5:45 PM",PGM-RMT-QATS_GEN_REQ,Technical Services Laboratory General Requirements for Tech Services Lab Employees,PGM-ROCKY MOUNT,Yes
PGM-RMT-QACQ_SUPV_GEN_REQ,CQ Chemistry Supervisor,Y,"Aug 2, 2017, 5:45 PM",PGM-RMT-QA_CV,PGM-RMT-QA_CV:  Curriculum Vitae,PGM-ROCKY MOUNT,Yes
PGM-RMT-QACQ_SUPV_GEN_REQ,CQ Chemistry Supervisor,Y,"Aug 2, 2017, 5:45 PM",PGM-RMT-QA_QUALITYLEADER,PGM-RMT-QA_QUALITYLEADER: Training Requirements for Quality Leaders,PGM-ROCKY MOUNT,Yes
PGM-RMT-QACQ_TRAIN_COORD,CQ Lab Training Coordinator,Y,"Apr 24, 2019, 12:00 AM",PGM-RMT-ALLEXEMPT,PGM-RMT-ALLEXEMPT: Training for All Exempt,PGM-ROCKY MOUNT,Yes
PGM-RMT-QACQ_TRAIN_COORD,CQ Lab Training Coordinator,Y,"Apr 24, 2019, 12:00 AM",PGM-RMT-EH_EYE_EXAM,PGM-RMT-EH_EYE_EXAM:  Annual eye exam,PGM-ROCKY MOUNT,Yes
PGM-RMT-QACQ_TRAIN_COORD,CQ Lab Training Coordinator,Y,"Apr 24, 2019, 12:00 AM",PGM-RMT-QACQ_GEN_REQ,PGM-RMT-QACQ_GEN_REQ: CQ Department Requirements,PGM-ROCKY MOUNT,Yes
PGM-RMT-QACQ_TRAIN_COORD,CQ Lab Training Coordinator,Y,"Apr 24, 2019, 12:00 AM",PGM-RMT-QA_CV,PGM-RMT-QA_CV:  Curriculum Vitae,PGM-ROCKY MOUNT,Yes
PGM-RMT-QASQ_ABF_TEST,Ampul Break Force Tester,Y,"Oct 27, 2017, 3:24 PM",PGM-RMT-QACQ_GEN_SF_TRN,PGM-RMT-QACQ_GEN_SF_TRN: Non Analyst Safety Training,PGM-ROCKY MOUNT,Yes
PGM-RMT-QASQ_ABF_TEST,Ampul Break Force Tester,Y,"Oct 27, 2017, 3:24 PM",PGM-RMT-QASQ_ABF_TQ,PGM-RMT-QASQ_ABF_TQ: Ampule Break Force Tester,PGM-ROCKY MOUNT,Yes
PGM-RMT-QASQ_ASSIST,Requirements for Assisting in SQ,Y,"Oct 27, 2017, 3:25 PM",PGM-RMT-QACQ_GEN_SF_TRN,PGM-RMT-QACQ_GEN_SF_TRN: Non Analyst Safety Training,PGM-ROCKY MOUNT,Yes
PGM-RMT-QASQ_ASSIST,Requirements for Assisting in SQ,Y,"Oct 27, 2017, 3:25 PM",PGM-RMT-QASQ_DRAW_SPECTQ,PGM-RMT-QASQ_DRAW_SPECTQ: SQ Drawing and Specifications,PGM-ROCKY MOUNT,Yes
PGM-RMT-QASQ_ASSIST,Requirements for Assisting in SQ,Y,"Oct 27, 2017, 3:25 PM",PGM-RMT-QASQ_GLAS_PLASTQ,PGM-RMT-QASQ_GLAS_PLASTQ: Visual Evaluation for Glass and Plastic Bottles Task Qualification,PGM-ROCKY MOUNT,Yes
PGM-RMT-QASQ_AUDIT,Auditing Commodity Work Orders in SQ,Y,"Oct 11, 2018, 3:03 PM",PGM-RMT-ALL_NON_EXEMPT,PGM-RMT-ALL_NON_EXEMPT:  ROCKY MOUNT NON EXEMPT EMPLOYEE REQUIREMENTS,PGM-ROCKY MOUNT,Yes
PGM-RMT-QASQ_AUDIT,Auditing Commodity Work Orders in SQ,Y,"Oct 11, 2018, 3:03 PM",PGM-RMT-EH_EYE_EXAM,PGM-RMT-EH_EYE_EXAM:  Annual eye exam,PGM-ROCKY MOUNT,Yes
PGM-RMT-QASQ_AUDIT,Auditing Commodity Work Orders in SQ,Y,"Oct 11, 2018, 3:03 PM",PGM-RMT-QACQ_GEN_SF_TRN,PGM-RMT-QACQ_GEN_SF_TRN: Non Analyst Safety Training,PGM-ROCKY MOUNT,Yes
PGM-RMT-QASQ_AUDIT,Auditing Commodity Work Orders in SQ,Y,"Oct 11, 2018, 3:03 PM",PGM-RMT-QASQ_AUDIT,PGM-RMT-QASQ_AUDIT: Auditing Commodity Work Orders in SQ,PGM-ROCKY MOUNT,Yes
PGM-RMT-QASQ_AUDIT,Auditing Commodity Work Orders in SQ,Y,"Oct 11, 2018, 3:03 PM",PGM-RMT-QASQ_COMM_TEST,PGM-RMT-QASQ_COMM_TEST: SQ Commodity Testing,PGM-ROCKY MOUNT,Yes
PGM-RMT-QASQ_AUDIT,Auditing Commodity Work Orders in SQ,Y,"Oct 11, 2018, 3:03 PM",PGM-RMT-QASQ_GDP_NA,PGM-RMT-QASQ_GDP_NA:  Incoming Materials Documentation Training - Non Analyst,PGM-ROCKY MOUNT,Yes
PGM-RMT-QASQ_AUDIT,Auditing Commodity Work Orders in SQ,Y,"Oct 11, 2018, 3:03 PM",PGM-RMT-QASQ_REQ_ALL,PGM-RMT-QASQ_REQ_ALL: SQ Requirements for All Dept,PGM-ROCKY MOUNT,Yes
PGM-RMT-QASQ_AUDIT,Auditing Commodity Work Orders in SQ,Y,"Oct 11, 2018, 3:03 PM",PGM-RMT-QASQ_SAFETY,PGM-RMT-QASQ_SAFETY: SQ Safety Requirements,PGM-ROCKY MOUNT,Yes
PGM-RMT-QASQ_AUDIT,Auditing Commodity Work Orders in SQ,Y,"Oct 11, 2018, 3:03 PM",PGM-RMT-QA_CV,PGM-RMT-QA_CV:  Curriculum Vitae,PGM-ROCKY MOUNT,Yes
PGM-RMT-QASQ_AUDIT,Auditing Commodity Work Orders in SQ,Y,"Oct 11, 2018, 3:03 PM",PGM-RMT-SF_PRODEMP,PGM-RMT-SF_PRODEMP: Rocky Mount Product Contact Safety Training,PGM-ROCKY MOUNT,Yes
PGM-RMT-QASQ_AUTOCLAVE,Autoclave Operator,Y,"Oct 27, 2017, 3:27 PM",PGM-RMT-QACQ_GEN_SF_TRN,PGM-RMT-QACQ_GEN_SF_TRN: Non Analyst Safety Training,PGM-ROCKY MOUNT,Yes
PGM-RMT-QASQ_AUTOCLAVE,Autoclave Operator,Y,"Oct 27, 2017, 3:27 PM",PGM-RMT-QASQ_AUTOCL_TQM,PGM-RMT-QASQ_AUTOCL_TQM: Operating Autoclaves found in SQ TQ Module,PGM-ROCKY MOUNT,Yes
PGM-RMT-QASQ_CORRUGATE,SQ Corrugate Testing Requirements,Y,"Oct 27, 2017, 3:28 PM",PGM-RMT-ALL_NON_EXEMPT,PGM-RMT-ALL_NON_EXEMPT:  ROCKY MOUNT NON EXEMPT EMPLOYEE REQUIREMENTS,PGM-ROCKY MOUNT,Yes
PGM-RMT-QASQ_CORRUGATE,SQ Corrugate Testing Requirements,Y,"Oct 27, 2017, 3:28 PM",PGM-RMT-EH_EYE_EXAM,PGM-RMT-EH_EYE_EXAM:  Annual eye exam,PGM-ROCKY MOUNT,Yes
PGM-RMT-QASQ_CORRUGATE,SQ Corrugate Testing Requirements,Y,"Oct 27, 2017, 3:28 PM",PGM-RMT-QACQ_GEN_SF_TRN,PGM-RMT-QACQ_GEN_SF_TRN: Non Analyst Safety Training,PGM-ROCKY MOUNT,Yes
PGM-RMT-QASQ_CORRUGATE,SQ Corrugate Testing Requirements,Y,"Oct 27, 2017, 3:28 PM",PGM-RMT-QASQ_COMM_TEST,PGM-RMT-QASQ_COMM_TEST: SQ Commodity Testing,PGM-ROCKY MOUNT,Yes
PGM-RMT-QASQ_CORRUGATE,SQ Corrugate Testing Requirements,Y,"Oct 27, 2017, 3:28 PM",PGM-RMT-QASQ_CORRUGATE,PGM-RMT-QASQ_CORRUGATE: SQ Corrugate Testing Requirements,PGM-ROCKY MOUNT,Yes
PGM-RMT-QASQ_CORRUGATE,SQ Corrugate Testing Requirements,Y,"Oct 27, 2017, 3:28 PM",PGM-RMT-QASQ_REQ_ALL,PGM-RMT-QASQ_REQ_ALL: SQ Requirements for All Dept,PGM-ROCKY MOUNT,Yes
PGM-RMT-QASQ_CORRUGATE,SQ Corrugate Testing Requirements,Y,"Oct 27, 2017, 3:28 PM",PGM-RMT-QASQ_SAFETY,PGM-RMT-QASQ_SAFETY: SQ Safety Requirements,PGM-ROCKY MOUNT,Yes
PGM-RMT-QASQ_CORRUGATE,SQ Corrugate Testing Requirements,Y,"Oct 27, 2017, 3:28 PM",PGM-RMT-QA_CV,PGM-RMT-QA_CV:  Curriculum Vitae,PGM-ROCKY MOUNT,Yes
PGM-RMT-QASQ_CORRUGATE,SQ Corrugate Testing Requirements,Y,"Oct 27, 2017, 3:28 PM",PGM-RMT-SF_PRODEMP,PGM-RMT-SF_PRODEMP: Rocky Mount Product Contact Safety Training,PGM-ROCKY MOUNT,Yes
PGM-RMT-QASQ_DRAW_SPEC,SQ Drawing and Specification Requirements,Y,"Oct 27, 2017, 3:29 PM",PGM-RMT-ALL_NON_EXEMPT,PGM-RMT-ALL_NON_EXEMPT:  ROCKY MOUNT NON EXEMPT EMPLOYEE REQUIREMENTS,PGM-ROCKY MOUNT,Yes
PGM-RMT-QASQ_DRAW_SPEC,SQ Drawing and Specification Requirements,Y,"Oct 27, 2017, 3:29 PM",PGM-RMT-EH_EYE_EXAM,PGM-RMT-EH_EYE_EXAM:  Annual eye exam,PGM-ROCKY MOUNT,Yes
PGM-RMT-QASQ_DRAW_SPEC,SQ Drawing and Specification Requirements,Y,"Oct 27, 2017, 3:29 PM",PGM-RMT-QACQ_GEN_SF_TRN,PGM-RMT-QACQ_GEN_SF_TRN: Non Analyst Safety Training,PGM-ROCKY MOUNT,Yes
PGM-RMT-QASQ_DRAW_SPEC,SQ Drawing and Specification Requirements,Y,"Oct 27, 2017, 3:29 PM",PGM-RMT-QASQ_COMM_TEST,PGM-RMT-QASQ_COMM_TEST: SQ Commodity Testing,PGM-ROCKY MOUNT,Yes
PGM-RMT-QASQ_DRAW_SPEC,SQ Drawing and Specification Requirements,Y,"Oct 27, 2017, 3:29 PM",PGM-RMT-QASQ_DRAW_SPECTQ,PGM-RMT-QASQ_DRAW_SPECTQ: SQ Drawing and Specifications,PGM-ROCKY MOUNT,Yes
PGM-RMT-QASQ_DRAW_SPEC,SQ Drawing and Specification Requirements,Y,"Oct 27, 2017, 3:29 PM",PGM-RMT-QASQ_REQ_ALL,PGM-RMT-QASQ_REQ_ALL: SQ Requirements for All Dept,PGM-ROCKY MOUNT,Yes
PGM-RMT-QASQ_DRAW_SPEC,SQ Drawing and Specification Requirements,Y,"Oct 27, 2017, 3:29 PM",PGM-RMT-QASQ_SAFETY,PGM-RMT-QASQ_SAFETY: SQ Safety Requirements,PGM-ROCKY MOUNT,Yes
PGM-RMT-QASQ_DRAW_SPEC,SQ Drawing and Specification Requirements,Y,"Oct 27, 2017, 3:29 PM",PGM-RMT-QA_CV,PGM-RMT-QA_CV:  Curriculum Vitae,PGM-ROCKY MOUNT,Yes
PGM-RMT-QASQ_DRAW_SPEC,SQ Drawing and Specification Requirements,Y,"Oct 27, 2017, 3:29 PM",PGM-RMT-SF_PRODEMP,PGM-RMT-SF_PRODEMP: Rocky Mount Product Contact Safety Training,PGM-ROCKY MOUNT,Yes
PGM-RMT-QASQ_FLEX_PLAS,SQ Flexible Plastic Testing Requirements,Y,"Apr 11, 2018, 8:28 PM",PGM-RMT-ALL_NON_EXEMPT,PGM-RMT-ALL_NON_EXEMPT:  ROCKY MOUNT NON EXEMPT EMPLOYEE REQUIREMENTS,PGM-ROCKY MOUNT,Yes
PGM-RMT-QASQ_FLEX_PLAS,SQ Flexible Plastic Testing Requirements,Y,"Apr 11, 2018, 8:28 PM",PGM-RMT-EH_EYE_EXAM,PGM-RMT-EH_EYE_EXAM:  Annual eye exam,PGM-ROCKY MOUNT,Yes
PGM-RMT-QASQ_FLEX_PLAS,SQ Flexible Plastic Testing Requirements,Y,"Apr 11, 2018, 8:28 PM",PGM-RMT-QACQ_GEN_SF_TRN,PGM-RMT-QACQ_GEN_SF_TRN: Non Analyst Safety Training,PGM-ROCKY MOUNT,Yes
PGM-RMT-QASQ_FLEX_PLAS,SQ Flexible Plastic Testing Requirements,Y,"Apr 11, 2018, 8:28 PM",PGM-RMT-QASQ_COMM_TEST,PGM-RMT-QASQ_COMM_TEST: SQ Commodity Testing,PGM-ROCKY MOUNT,Yes
PGM-RMT-QASQ_FLEX_PLAS,SQ Flexible Plastic Testing Requirements,Y,"Apr 11, 2018, 8:28 PM",PGM-RMT-QASQ_FLEX_PLAS,PGM-RMT-QASQ_FLEX_PLAS: IM Flexible Plastic Testing Requirements,PGM-ROCKY MOUNT,Yes
PGM-RMT-QASQ_FLEX_PLAS,SQ Flexible Plastic Testing Requirements,Y,"Apr 11, 2018, 8:28 PM",PGM-RMT-QASQ_REQ_ALL,PGM-RMT-QASQ_REQ_ALL: SQ Requirements for All Dept,PGM-ROCKY MOUNT,Yes
PGM-RMT-QASQ_FLEX_PLAS,SQ Flexible Plastic Testing Requirements,Y,"Apr 11, 2018, 8:28 PM",PGM-RMT-QASQ_SAFETY,PGM-RMT-QASQ_SAFETY: SQ Safety Requirements,PGM-ROCKY MOUNT,Yes
PGM-RMT-QASQ_FLEX_PLAS,SQ Flexible Plastic Testing Requirements,Y,"Apr 11, 2018, 8:28 PM",PGM-RMT-QA_CV,PGM-RMT-QA_CV:  Curriculum Vitae,PGM-ROCKY MOUNT,Yes
PGM-RMT-QASQ_FLEX_PLAS,SQ Flexible Plastic Testing Requirements,Y,"Apr 11, 2018, 8:28 PM",PGM-RMT-SF_PRODEMP,PGM-RMT-SF_PRODEMP: Rocky Mount Product Contact Safety Training,PGM-ROCKY MOUNT,Yes
PGM-RMT-QASQ_GDP_IG,Good Documentation for Incoming Quality Instructor Guide,Y,"Feb 20, 2018, 6:09 PM",PGM-RMT-QASQ_DOC_IG,PGM-RMT-QASQ_DOC_IG:  Incoming Materials Documentation Training – Instructor Guide,PGM-ROCKY MOUNT,Yes
PGM-RMT-QASQ_GDP_SG,Good Documentation for Incoming Quality Student Guide,Y,"Feb 20, 2018, 6:15 PM",PGM-RMT-QASQ_DOC_SG,PGM-RMT-QASQ_DOC_SG:  Incoming Materials Documentation Training – Student Guide,PGM-ROCKY MOUNT,Yes
PGM-RMT-QASQ_GLASS,SQ Glass Testing Requirements,Y,"May 8, 2019, 12:51 PM",PGM-RMT-ALL_NON_EXEMPT,PGM-RMT-ALL_NON_EXEMPT:  ROCKY MOUNT NON EXEMPT EMPLOYEE REQUIREMENTS,PGM-ROCKY MOUNT,Yes
PGM-RMT-QASQ_GLASS,SQ Glass Testing Requirements,Y,"May 8, 2019, 12:51 PM",PGM-RMT-EH_EYE_EXAM,PGM-RMT-EH_EYE_EXAM:  Annual eye exam,PGM-ROCKY MOUNT,Yes
PGM-RMT-QASQ_GLASS,SQ Glass Testing Requirements,Y,"May 8, 2019, 12:51 PM",PGM-RMT-QACQ_EYELP,PGM-RMT-QACQ_EYELP:  Eye Loupe Use in Incoming Materials,PGM-ROCKY MOUNT,Yes
PGM-RMT-QASQ_GLASS,SQ Glass Testing Requirements,Y,"May 8, 2019, 12:51 PM",PGM-RMT-QACQ_GEN_SF_TRN,PGM-RMT-QACQ_GEN_SF_TRN: Non Analyst Safety Training,PGM-ROCKY MOUNT,Yes
PGM-RMT-QASQ_GLASS,SQ Glass Testing Requirements,Y,"May 8, 2019, 12:51 PM",PGM-RMT-QASQ_COMM_TEST,PGM-RMT-QASQ_COMM_TEST: SQ Commodity Testing,PGM-ROCKY MOUNT,Yes
PGM-RMT-QASQ_GLASS,SQ Glass Testing Requirements,Y,"May 8, 2019, 12:51 PM",PGM-RMT-QASQ_GLASS,PGM-RMT-QASQ_GLASS: IM Glass Testing Requirements,PGM-ROCKY MOUNT,Yes
PGM-RMT-QASQ_GLASS,SQ Glass Testing Requirements,Y,"May 8, 2019, 12:51 PM",PGM-RMT-QASQ_REQ_ALL,PGM-RMT-QASQ_REQ_ALL: SQ Requirements for All Dept,PGM-ROCKY MOUNT,Yes
PGM-RMT-QASQ_GLASS,SQ Glass Testing Requirements,Y,"May 8, 2019, 12:51 PM",PGM-RMT-QASQ_SAFETY,PGM-RMT-QASQ_SAFETY: SQ Safety Requirements,PGM-ROCKY MOUNT,Yes
PGM-RMT-QASQ_GLASS,SQ Glass Testing Requirements,Y,"May 8, 2019, 12:51 PM",PGM-RMT-QA_CV,PGM-RMT-QA_CV:  Curriculum Vitae,PGM-ROCKY MOUNT,Yes
PGM-RMT-QASQ_GLASS,SQ Glass Testing Requirements,Y,"May 8, 2019, 12:51 PM",PGM-RMT-SF_PRODEMP,PGM-RMT-SF_PRODEMP: Rocky Mount Product Contact Safety Training,PGM-ROCKY MOUNT,Yes
PGM-RMT-QASQ_IMP_DIE,SQ Imprint Die Testing Requirements,Y,"Oct 27, 2017, 3:31 PM",PGM-RMT-ALL_NON_EXEMPT,PGM-RMT-ALL_NON_EXEMPT:  ROCKY MOUNT NON EXEMPT EMPLOYEE REQUIREMENTS,PGM-ROCKY MOUNT,Yes
PGM-RMT-QASQ_IMP_DIE,SQ Imprint Die Testing Requirements,Y,"Oct 27, 2017, 3:31 PM",PGM-RMT-EH_EYE_EXAM,PGM-RMT-EH_EYE_EXAM:  Annual eye exam,PGM-ROCKY MOUNT,Yes
PGM-RMT-QASQ_IMP_DIE,SQ Imprint Die Testing Requirements,Y,"Oct 27, 2017, 3:31 PM",PGM-RMT-QACQ_GEN_SF_TRN,PGM-RMT-QACQ_GEN_SF_TRN: Non Analyst Safety Training,PGM-ROCKY MOUNT,Yes
PGM-RMT-QASQ_IMP_DIE,SQ Imprint Die Testing Requirements,Y,"Oct 27, 2017, 3:31 PM",PGM-RMT-QASQ_COMM_TEST,PGM-RMT-QASQ_COMM_TEST: SQ Commodity Testing,PGM-ROCKY MOUNT,Yes
PGM-RMT-QASQ_IMP_DIE,SQ Imprint Die Testing Requirements,Y,"Oct 27, 2017, 3:31 PM",PGM-RMT-QASQ_IMP_DIE,PGM-RMT-QASQ_IMP_DIE: SQ Imprint Die Testing Requirments,PGM-ROCKY MOUNT,Yes
PGM-RMT-QASQ_IMP_DIE,SQ Imprint Die Testing Requirements,Y,"Oct 27, 2017, 3:31 PM",PGM-RMT-QASQ_REQ_ALL,PGM-RMT-QASQ_REQ_ALL: SQ Requirements for All Dept,PGM-ROCKY MOUNT,Yes
PGM-RMT-QASQ_IMP_DIE,SQ Imprint Die Testing Requirements,Y,"Oct 27, 2017, 3:31 PM",PGM-RMT-QASQ_SAFETY,PGM-RMT-QASQ_SAFETY: SQ Safety Requirements,PGM-ROCKY MOUNT,Yes
PGM-RMT-QASQ_IMP_DIE,SQ Imprint Die Testing Requirements,Y,"Oct 27, 2017, 3:31 PM",PGM-RMT-QA_CV,PGM-RMT-QA_CV:  Curriculum Vitae,PGM-ROCKY MOUNT,Yes
PGM-RMT-QASQ_IMP_DIE,SQ Imprint Die Testing Requirements,Y,"Oct 27, 2017, 3:31 PM",PGM-RMT-SF_PRODEMP,PGM-RMT-SF_PRODEMP: Rocky Mount Product Contact Safety Training,PGM-ROCKY MOUNT,Yes
PGM-RMT-QASQ_INSTRON,Instron Operator,Y,"Oct 27, 2017, 3:32 PM",PGM-RMT-QACQ_GEN_SF_TRN,PGM-RMT-QACQ_GEN_SF_TRN: Non Analyst Safety Training,PGM-ROCKY MOUNT,Yes
PGM-RMT-QASQ_INSTRON,Instron Operator,Y,"Oct 27, 2017, 3:32 PM",PGM-RMT-QASQ_INSTRON_TQM,PGM-RMT-QASQ_INSTRON_TQM: Operating the Instron in SQ Area TQ Module,PGM-ROCKY MOUNT,Yes
PGM-RMT-QASQ_INVESTIGATOR,Supplier Quality Investigator Requirements,Y,"Jun 5, 2018, 12:45 PM",PGM-RMT-ALLEXEMPT,PGM-RMT-ALLEXEMPT: Training for All Exempt,PGM-ROCKY MOUNT,Yes
PGM-RMT-QASQ_INVESTIGATOR,Supplier Quality Investigator Requirements,Y,"Jun 5, 2018, 12:45 PM",PGM-RMT-QASQ_INVESTIGATOR,PGM-RMT-QASQ_INVESTIGATOR: Supplier Quality Investigator Requirements,PGM-ROCKY MOUNT,Yes
PGM-RMT-QASQ_INVESTIGATOR,Supplier Quality Investigator Requirements,Y,"Jun 5, 2018, 12:45 PM",PGM-RMT-QA_CAPA_DEVICE,PGM-RMT-QA_CAPA_DEVICE: Rocky Mount CAPA Training for Medical Devices,PGM-ROCKY MOUNT,Yes
PGM-RMT-QASQ_INVESTIGATOR,Supplier Quality Investigator Requirements,Y,"Jun 5, 2018, 12:45 PM",PGM-RMT-QA_CV,PGM-RMT-QA_CV:  Curriculum Vitae,PGM-ROCKY MOUNT,Yes
PGM-RMT-QASQ_LAB_TECH,SQ Lab Tech,Y,"Apr 12, 2018, 9:32 AM",PGM-RMT-ALL_NON_EXEMPT,PGM-RMT-ALL_NON_EXEMPT:  ROCKY MOUNT NON EXEMPT EMPLOYEE REQUIREMENTS,PGM-ROCKY MOUNT,Yes
PGM-RMT-QASQ_LAB_TECH,SQ Lab Tech,Y,"Apr 12, 2018, 9:32 AM",PGM-RMT-EH_EYE_EXAM,PGM-RMT-EH_EYE_EXAM:  Annual eye exam,PGM-ROCKY MOUNT,Yes
PGM-RMT-QASQ_LAB_TECH,SQ Lab Tech,Y,"Apr 12, 2018, 9:32 AM",PGM-RMT-GL_IS_M_PC_TECHNICAL,PGM-RMT-GL_IS_M_PC_TECHNICAL: Infusion System Purchasing Control Quality Technical,PGM-ROCKY MOUNT,Yes
PGM-RMT-QASQ_LAB_TECH,SQ Lab Tech,Y,"Apr 12, 2018, 9:32 AM",PGM-RMT-QACQ_GEN_SF_TRN,PGM-RMT-QACQ_GEN_SF_TRN: Non Analyst Safety Training,PGM-ROCKY MOUNT,Yes
PGM-RMT-QASQ_LAB_TECH,SQ Lab Tech,Y,"Apr 12, 2018, 9:32 AM",PGM-RMT-QASQ_AUTOCL_TQM,PGM-RMT-QASQ_AUTOCL_TQM: Operating Autoclaves found in SQ TQ Module,PGM-ROCKY MOUNT,Yes
PGM-RMT-QASQ_LAB_TECH,SQ Lab Tech,Y,"Apr 12, 2018, 9:32 AM",PGM-RMT-QASQ_GEN_REQ,PGM-RMT-QASQ_GEN_REQ: SQ Department Requirements,PGM-ROCKY MOUNT,Yes
PGM-RMT-QASQ_LAB_TECH,SQ Lab Tech,Y,"Apr 12, 2018, 9:32 AM",PGM-RMT-QASQ_INSTRON_TQM,PGM-RMT-QASQ_INSTRON_TQM: Operating the Instron in SQ Area TQ Module,PGM-ROCKY MOUNT,Yes
PGM-RMT-QASQ_LAB_TECH,SQ Lab Tech,Y,"Apr 12, 2018, 9:32 AM",PGM-RMT-QASQ_LAB_TECH,PGM-RMT-QASQ_LAB_TECH: Requirements for SQ Lab Tech,PGM-ROCKY MOUNT,Yes
PGM-RMT-QASQ_LAB_TECH,SQ Lab Tech,Y,"Apr 12, 2018, 9:32 AM",PGM-RMT-QASQ_PH_TQM,PGM-RMT-QASQ_PH_TQM: SQ pH Meter Operation TQ Module,PGM-ROCKY MOUNT,Yes
PGM-RMT-QASQ_LAB_TECH,SQ Lab Tech,Y,"Apr 12, 2018, 9:32 AM",PGM-RMT-QASQ_REQ_ALL,PGM-RMT-QASQ_REQ_ALL: SQ Requirements for All Dept,PGM-ROCKY MOUNT,Yes
PGM-RMT-QASQ_LAB_TECH,SQ Lab Tech,Y,"Apr 12, 2018, 9:32 AM",PGM-RMT-QASQ_UV_SPEC_TQM,PGM-RMT-QASQ_UV_SPEC_TQM: Operating the UV Spectrophotometer in SQ TQ Module,PGM-ROCKY MOUNT,Yes
PGM-RMT-QASQ_LAB_TECH,SQ Lab Tech,Y,"Apr 12, 2018, 9:32 AM",PGM-RMT-QA_CV,PGM-RMT-QA_CV:  Curriculum Vitae,PGM-ROCKY MOUNT,Yes
PGM-RMT-QASQ_LAB_TECH,SQ Lab Tech,Y,"Apr 12, 2018, 9:32 AM",PGM-RMT-QA_LAB_REQ,PGM-RMT-QA_LAB_REQ: QA Laboratory Requirements,PGM-ROCKY MOUNT,Yes
PGM-RMT-QASQ_LAB_TECH,SQ Lab Tech,Y,"Apr 12, 2018, 9:32 AM",PGM-RMT-SF_HAZ_WASTE,PGM-RMT-SF_HAZ_WASTE: Hazardous Waste Safety Training,PGM-ROCKY MOUNT,Yes
PGM-RMT-QASQ_MGR,Supplier Quality Manager,Y,"Oct 27, 2017, 3:35 PM",PGM-RMT-ALLEXEMPT,PGM-RMT-ALLEXEMPT: Training for All Exempt,PGM-ROCKY MOUNT,Yes
PGM-RMT-QASQ_MGR,Supplier Quality Manager,Y,"Oct 27, 2017, 3:35 PM",PGM-RMT-EH_EYE_EXAM,PGM-RMT-EH_EYE_EXAM:  Annual eye exam,PGM-ROCKY MOUNT,Yes
PGM-RMT-QASQ_MGR,Supplier Quality Manager,Y,"Oct 27, 2017, 3:35 PM",PGM-RMT-EN_VRB_NONVAL,PGM-RMT-EN_VRB_NONVAL: VRB for Non Validation Personnel,PGM-ROCKY MOUNT,Yes
PGM-RMT-QASQ_MGR,Supplier Quality Manager,Y,"Oct 27, 2017, 3:35 PM",PGM-RMT-GL_QA_M_PQS1213,PGM-RMT-GL_QA_M_PQS1213: PQS Wave One Integration PQS1213,PGM-ROCKY MOUNT,Yes
PGM-RMT-QASQ_MGR,Supplier Quality Manager,Y,"Oct 27, 2017, 3:35 PM",PGM-RMT-MM_HIRISE_SYSTEM,PGM-RMT-MM_HIRISE_SYSTEM: HiRise HK System Users,PGM-ROCKY MOUNT,Yes
PGM-RMT-QASQ_MGR,Supplier Quality Manager,Y,"Oct 27, 2017, 3:35 PM",PGM-RMT-QACQ_GEN_SF_TRN,PGM-RMT-QACQ_GEN_SF_TRN: Non Analyst Safety Training,PGM-ROCKY MOUNT,Yes
PGM-RMT-QASQ_MGR,Supplier Quality Manager,Y,"Oct 27, 2017, 3:35 PM",PGM-RMT-QASQ_GEN_REQ,PGM-RMT-QASQ_GEN_REQ: SQ Department Requirements,PGM-ROCKY MOUNT,Yes
PGM-RMT-QASQ_MGR,Supplier Quality Manager,Y,"Oct 27, 2017, 3:35 PM",PGM-RMT-QASQ_SAP_HK_MAT,PGM-RMT-QASQ_SAP_HK_MAT: SAP and HK HiRise Material Release,PGM-ROCKY MOUNT,Yes
PGM-RMT-QASQ_MGR,Supplier Quality Manager,Y,"Oct 27, 2017, 3:35 PM",PGM-RMT-QASQ_STK_LOCATOR,PGM-RMT-QASQ_STK_LOCATOR: Stock Locator Activities for SQ,PGM-ROCKY MOUNT,Yes
PGM-RMT-QASQ_MGR,Supplier Quality Manager,Y,"Oct 27, 2017, 3:35 PM",PGM-RMT-QASQ_SUPV_REQ,PGM-RMT-QASQ_SUPV_REQ: SQ Labs Manager Supervisor Sr. Supervisor,PGM-ROCKY MOUNT,Yes
PGM-RMT-QASQ_MGR,Supplier Quality Manager,Y,"Oct 27, 2017, 3:35 PM",PGM-RMT-QASQ_SUP_MGMT,PGM-RMT-QASQ_SUP_MGMT: Management of Suppliers,PGM-ROCKY MOUNT,Yes
PGM-RMT-QASQ_MGR,Supplier Quality Manager,Y,"Oct 27, 2017, 3:35 PM",PGM-RMT-QA_CAPA_DEVICE,PGM-RMT-QA_CAPA_DEVICE: Rocky Mount CAPA Training for Medical Devices,PGM-ROCKY MOUNT,Yes
PGM-RMT-QASQ_MGR,Supplier Quality Manager,Y,"Oct 27, 2017, 3:35 PM",PGM-RMT-QA_CV,PGM-RMT-QA_CV:  Curriculum Vitae,PGM-ROCKY MOUNT,Yes
PGM-RMT-QASQ_MGR,Supplier Quality Manager,Y,"Oct 27, 2017, 3:35 PM",PGM-RMT-QA_LAB_REQ,PGM-RMT-QA_LAB_REQ: QA Laboratory Requirements,PGM-ROCKY MOUNT,Yes
PGM-RMT-QASQ_MGR,Supplier Quality Manager,Y,"Oct 27, 2017, 3:35 PM",PGM-RMT-QA_QUALITYLEADER,PGM-RMT-QA_QUALITYLEADER: Training Requirements for Quality Leaders,PGM-ROCKY MOUNT,Yes
PGM-RMT-QASQ_NUG,Incoming Material Nugenesis Training,Y,"Oct 27, 2017, 3:36 PM",PGM-RMT-QACQ_GEN_SF_TRN,PGM-RMT-QACQ_GEN_SF_TRN: Non Analyst Safety Training,PGM-ROCKY MOUNT,Yes
PGM-RMT-QASQ_NUG,Incoming Material Nugenesis Training,Y,"Oct 27, 2017, 3:36 PM",PGM-RMT-QASQ_NUG,PGM-RMT-QASQ_NUG: Incoming Material Nugenesis Training,PGM-ROCKY MOUNT,Yes
PGM-RMT-QASQ_OVERSEAL,SQ Overseal Testing Requirements,Y,"Oct 27, 2017, 3:37 PM",PGM-RMT-ALL_NON_EXEMPT,PGM-RMT-ALL_NON_EXEMPT:  ROCKY MOUNT NON EXEMPT EMPLOYEE REQUIREMENTS,PGM-ROCKY MOUNT,Yes
PGM-RMT-QASQ_OVERSEAL,SQ Overseal Testing Requirements,Y,"Oct 27, 2017, 3:37 PM",PGM-RMT-EH_EYE_EXAM,PGM-RMT-EH_EYE_EXAM:  Annual eye exam,PGM-ROCKY MOUNT,Yes
PGM-RMT-QASQ_OVERSEAL,SQ Overseal Testing Requirements,Y,"Oct 27, 2017, 3:37 PM",PGM-RMT-QACQ_GEN_SF_TRN,PGM-RMT-QACQ_GEN_SF_TRN: Non Analyst Safety Training,PGM-ROCKY MOUNT,Yes
PGM-RMT-QASQ_OVERSEAL,SQ Overseal Testing Requirements,Y,"Oct 27, 2017, 3:37 PM",PGM-RMT-QASQ_COMM_TEST,PGM-RMT-QASQ_COMM_TEST: SQ Commodity Testing,PGM-ROCKY MOUNT,Yes
PGM-RMT-QASQ_OVERSEAL,SQ Overseal Testing Requirements,Y,"Oct 27, 2017, 3:37 PM",PGM-RMT-QASQ_OVERSEAL,PGM-RMT-QASQ_OVERSEAL: SQ Overseal Testing Requirements,PGM-ROCKY MOUNT,Yes
PGM-RMT-QASQ_OVERSEAL,SQ Overseal Testing Requirements,Y,"Oct 27, 2017, 3:37 PM",PGM-RMT-QASQ_REQ_ALL,PGM-RMT-QASQ_REQ_ALL: SQ Requirements for All Dept,PGM-ROCKY MOUNT,Yes
PGM-RMT-QASQ_OVERSEAL,SQ Overseal Testing Requirements,Y,"Oct 27, 2017, 3:37 PM",PGM-RMT-QASQ_SAFETY,PGM-RMT-QASQ_SAFETY: SQ Safety Requirements,PGM-ROCKY MOUNT,Yes
PGM-RMT-QASQ_OVERSEAL,SQ Overseal Testing Requirements,Y,"Oct 27, 2017, 3:37 PM",PGM-RMT-QA_CV,PGM-RMT-QA_CV:  Curriculum Vitae,PGM-ROCKY MOUNT,Yes
PGM-RMT-QASQ_OVERSEAL,SQ Overseal Testing Requirements,Y,"Oct 27, 2017, 3:37 PM",PGM-RMT-SF_PRODEMP,PGM-RMT-SF_PRODEMP: Rocky Mount Product Contact Safety Training,PGM-ROCKY MOUNT,Yes
PGM-RMT-QASQ_PH,pH Meter Operator,Y,"Oct 27, 2017, 3:37 PM",PGM-RMT-QACQ_GEN_SF_TRN,PGM-RMT-QACQ_GEN_SF_TRN: Non Analyst Safety Training,PGM-ROCKY MOUNT,Yes
PGM-RMT-QASQ_PH,pH Meter Operator,Y,"Oct 27, 2017, 3:37 PM",PGM-RMT-QASQ_PH_TQM,PGM-RMT-QASQ_PH_TQM: SQ pH Meter Operation TQ Module,PGM-ROCKY MOUNT,Yes
PGM-RMT-QASQ_PLASTIC,SQ Plastic Testing Requirements,Y,"Oct 27, 2017, 3:38 PM",PGM-RMT-ALL_NON_EXEMPT,PGM-RMT-ALL_NON_EXEMPT:  ROCKY MOUNT NON EXEMPT EMPLOYEE REQUIREMENTS,PGM-ROCKY MOUNT,Yes
PGM-RMT-QASQ_PLASTIC,SQ Plastic Testing Requirements,Y,"Oct 27, 2017, 3:38 PM",PGM-RMT-EH_EYE_EXAM,PGM-RMT-EH_EYE_EXAM:  Annual eye exam,PGM-ROCKY MOUNT,Yes
PGM-RMT-QASQ_PLASTIC,SQ Plastic Testing Requirements,Y,"Oct 27, 2017, 3:38 PM",PGM-RMT-QACQ_GEN_SF_TRN,PGM-RMT-QACQ_GEN_SF_TRN: Non Analyst Safety Training,PGM-ROCKY MOUNT,Yes
PGM-RMT-QASQ_PLASTIC,SQ Plastic Testing Requirements,Y,"Oct 27, 2017, 3:38 PM",PGM-RMT-QASQ_COMM_TEST,PGM-RMT-QASQ_COMM_TEST: SQ Commodity Testing,PGM-ROCKY MOUNT,Yes
PGM-RMT-QASQ_PLASTIC,SQ Plastic Testing Requirements,Y,"Oct 27, 2017, 3:38 PM",PGM-RMT-QASQ_PLASTIC,PGM-RMT-QASQ_PLASTIC: SQ Plastic Testing Requirements,PGM-ROCKY MOUNT,Yes
PGM-RMT-QASQ_PLASTIC,SQ Plastic Testing Requirements,Y,"Oct 27, 2017, 3:38 PM",PGM-RMT-QASQ_REQ_ALL,PGM-RMT-QASQ_REQ_ALL: SQ Requirements for All Dept,PGM-ROCKY MOUNT,Yes
PGM-RMT-QASQ_PLASTIC,SQ Plastic Testing Requirements,Y,"Oct 27, 2017, 3:38 PM",PGM-RMT-QASQ_SAFETY,PGM-RMT-QASQ_SAFETY: SQ Safety Requirements,PGM-ROCKY MOUNT,Yes
PGM-RMT-QASQ_PLASTIC,SQ Plastic Testing Requirements,Y,"Oct 27, 2017, 3:38 PM",PGM-RMT-QA_CV,PGM-RMT-QA_CV:  Curriculum Vitae,PGM-ROCKY MOUNT,Yes
PGM-RMT-QASQ_PLASTIC,SQ Plastic Testing Requirements,Y,"Oct 27, 2017, 3:38 PM",PGM-RMT-SF_PRODEMP,PGM-RMT-SF_PRODEMP: Rocky Mount Product Contact Safety Training,PGM-ROCKY MOUNT,Yes
PGM-RMT-QASQ_PRINTED,SQ Printed Testing Requirements,Y,"Oct 27, 2017, 3:38 PM",PGM-RMT-ALL_NON_EXEMPT,PGM-RMT-ALL_NON_EXEMPT:  ROCKY MOUNT NON EXEMPT EMPLOYEE REQUIREMENTS,PGM-ROCKY MOUNT,Yes
PGM-RMT-QASQ_PRINTED,SQ Printed Testing Requirements,Y,"Oct 27, 2017, 3:38 PM",PGM-RMT-EH_EYE_EXAM,PGM-RMT-EH_EYE_EXAM:  Annual eye exam,PGM-ROCKY MOUNT,Yes
PGM-RMT-QASQ_PRINTED,SQ Printed Testing Requirements,Y,"Oct 27, 2017, 3:38 PM",PGM-RMT-QACQ_GEN_SF_TRN,PGM-RMT-QACQ_GEN_SF_TRN: Non Analyst Safety Training,PGM-ROCKY MOUNT,Yes
PGM-RMT-QASQ_PRINTED,SQ Printed Testing Requirements,Y,"Oct 27, 2017, 3:38 PM",PGM-RMT-QASQ_COMM_TEST,PGM-RMT-QASQ_COMM_TEST: SQ Commodity Testing,PGM-ROCKY MOUNT,Yes
PGM-RMT-QASQ_PRINTED,SQ Printed Testing Requirements,Y,"Oct 27, 2017, 3:38 PM",PGM-RMT-QASQ_PRINTED,PGM-RMT-QASQ_PRINTED: IM Printed Testing Requirements,PGM-ROCKY MOUNT,Yes
PGM-RMT-QASQ_PRINTED,SQ Printed Testing Requirements,Y,"Oct 27, 2017, 3:38 PM",PGM-RMT-QASQ_REQ_ALL,PGM-RMT-QASQ_REQ_ALL: SQ Requirements for All Dept,PGM-ROCKY MOUNT,Yes
PGM-RMT-QASQ_PRINTED,SQ Printed Testing Requirements,Y,"Oct 27, 2017, 3:38 PM",PGM-RMT-QASQ_SAFETY,PGM-RMT-QASQ_SAFETY: SQ Safety Requirements,PGM-ROCKY MOUNT,Yes
PGM-RMT-QASQ_PRINTED,SQ Printed Testing Requirements,Y,"Oct 27, 2017, 3:38 PM",PGM-RMT-QA_CV,PGM-RMT-QA_CV:  Curriculum Vitae,PGM-ROCKY MOUNT,Yes
PGM-RMT-QASQ_PRINTED,SQ Printed Testing Requirements,Y,"Oct 27, 2017, 3:38 PM",PGM-RMT-SF_PRODEMP,PGM-RMT-SF_PRODEMP: Rocky Mount Product Contact Safety Training,PGM-ROCKY MOUNT,Yes
PGM-RMT-QASQ_PROJ_MGR,Supplier Quality Project Manager,Y,"Oct 27, 2017, 3:39 PM",PGM-RMT-ALLEXEMPT,PGM-RMT-ALLEXEMPT: Training for All Exempt,PGM-ROCKY MOUNT,Yes
PGM-RMT-QASQ_PROJ_MGR,Supplier Quality Project Manager,Y,"Oct 27, 2017, 3:39 PM",PGM-RMT-EN_VRB_NONVAL,PGM-RMT-EN_VRB_NONVAL: VRB for Non Validation Personnel,PGM-ROCKY MOUNT,Yes
PGM-RMT-QASQ_PROJ_MGR,Supplier Quality Project Manager,Y,"Oct 27, 2017, 3:39 PM",PGM-RMT-GL_QA_AUDIT00,PGM-RMT-GL_QA_AUDIT00: Qualified Auditor,PGM-ROCKY MOUNT,Yes
PGM-RMT-QASQ_PROJ_MGR,Supplier Quality Project Manager,Y,"Oct 27, 2017, 3:39 PM",PGM-RMT-MM_BATCH_CREATION,PGM-RMT-MM_BATCH_CREATION: Batch Creation and Revision,PGM-ROCKY MOUNT,Yes
PGM-RMT-QASQ_PROJ_MGR,Supplier Quality Project Manager,Y,"Oct 27, 2017, 3:39 PM",PGM-RMT-MM_HIRISE_SYSTEM,PGM-RMT-MM_HIRISE_SYSTEM: HiRise HK System Users,PGM-ROCKY MOUNT,Yes
PGM-RMT-QASQ_PROJ_MGR,Supplier Quality Project Manager,Y,"Oct 27, 2017, 3:39 PM",PGM-RMT-QACQ_GEN_SF_TRN,PGM-RMT-QACQ_GEN_SF_TRN: Non Analyst Safety Training,PGM-ROCKY MOUNT,Yes
PGM-RMT-QASQ_PROJ_MGR,Supplier Quality Project Manager,Y,"Oct 27, 2017, 3:39 PM",PGM-RMT-QASQ_ABF_TQ,PGM-RMT-QASQ_ABF_TQ: Ampule Break Force Tester,PGM-ROCKY MOUNT,Yes
PGM-RMT-QASQ_PROJ_MGR,Supplier Quality Project Manager,Y,"Oct 27, 2017, 3:39 PM",PGM-RMT-QASQ_PROJ_MGR,PGM-RMT-QASQ_PROJ_MGR: Supplier Quality Project Manager,PGM-ROCKY MOUNT,Yes
PGM-RMT-QASQ_PROJ_MGR,Supplier Quality Project Manager,Y,"Oct 27, 2017, 3:39 PM",PGM-RMT-QASQ_SAP_HK_MAT,PGM-RMT-QASQ_SAP_HK_MAT: SAP and HK HiRise Material Release,PGM-ROCKY MOUNT,Yes
PGM-RMT-QASQ_PROJ_MGR,Supplier Quality Project Manager,Y,"Oct 27, 2017, 3:39 PM",PGM-RMT-QASQ_SUP_MGMT,PGM-RMT-QASQ_SUP_MGMT: Management of Suppliers,PGM-ROCKY MOUNT,Yes
PGM-RMT-QASQ_PROJ_MGR,Supplier Quality Project Manager,Y,"Oct 27, 2017, 3:39 PM",PGM-RMT-QA_CV,PGM-RMT-QA_CV:  Curriculum Vitae,PGM-ROCKY MOUNT,Yes
PGM-RMT-QASQ_PROJ_MGR,Supplier Quality Project Manager,Y,"Oct 27, 2017, 3:39 PM",PGM-RMT-QA_MATERIAL_RB,PGM-RMT-QA_MATERIAL_RB: Material Review Board,PGM-ROCKY MOUNT,Yes
PGM-RMT-QASQ_PROJ_MGR,Supplier Quality Project Manager,Y,"Oct 27, 2017, 3:39 PM",PGM-RMT-QA_QUALITYLEADER,PGM-RMT-QA_QUALITYLEADER: Training Requirements for Quality Leaders,PGM-ROCKY MOUNT,Yes
PGM-RMT-QASQ_REVIEW,Chemistry Batch Record Review,Y,"Oct 11, 2018, 3:29 PM",PGM-RMT-QACQ_GEN_SF_TRN,PGM-RMT-QACQ_GEN_SF_TRN: Non Analyst Safety Training,PGM-ROCKY MOUNT,Yes
PGM-RMT-QASQ_REVIEW,Chemistry Batch Record Review,Y,"Oct 11, 2018, 3:29 PM",PGM-RMT-QASQ_GDP_NA,PGM-RMT-QASQ_GDP_NA:  Incoming Materials Documentation Training - Non Analyst,PGM-ROCKY MOUNT,Yes
PGM-RMT-QASQ_REVIEW,Chemistry Batch Record Review,Y,"Oct 11, 2018, 3:29 PM",PGM-RMT-QASQ_REVIEW_TQM,PGM-RMT-QASQ_REVIEW_TQM: Reviewing Chemistry Batch Records in the SQ Lab,PGM-ROCKY MOUNT,Yes
PGM-RMT-QASQ_RULER,Supplier Quality Ruler Testing,Y,"Oct 27, 2017, 3:40 PM",PGM-RMT-ALL_NON_EXEMPT,PGM-RMT-ALL_NON_EXEMPT:  ROCKY MOUNT NON EXEMPT EMPLOYEE REQUIREMENTS,PGM-ROCKY MOUNT,Yes
PGM-RMT-QASQ_RULER,Supplier Quality Ruler Testing,Y,"Oct 27, 2017, 3:40 PM",PGM-RMT-EH_EYE_EXAM,PGM-RMT-EH_EYE_EXAM:  Annual eye exam,PGM-ROCKY MOUNT,Yes
PGM-RMT-QASQ_RULER,Supplier Quality Ruler Testing,Y,"Oct 27, 2017, 3:40 PM",PGM-RMT-QACQ_GEN_SF_TRN,PGM-RMT-QACQ_GEN_SF_TRN: Non Analyst Safety Training,PGM-ROCKY MOUNT,Yes
PGM-RMT-QASQ_RULER,Supplier Quality Ruler Testing,Y,"Oct 27, 2017, 3:40 PM",PGM-RMT-QASQ_COMM_TEST,PGM-RMT-QASQ_COMM_TEST: SQ Commodity Testing,PGM-ROCKY MOUNT,Yes
PGM-RMT-QASQ_RULER,Supplier Quality Ruler Testing,Y,"Oct 27, 2017, 3:40 PM",PGM-RMT-QASQ_REQ_ALL,PGM-RMT-QASQ_REQ_ALL: SQ Requirements for All Dept,PGM-ROCKY MOUNT,Yes
PGM-RMT-QASQ_RULER,Supplier Quality Ruler Testing,Y,"Oct 27, 2017, 3:40 PM",PGM-RMT-QASQ_RULER_TQ,PGM-RMT-QASQ_RULER_TQ: Supplier Quality Ruler Qualification,PGM-ROCKY MOUNT,Yes
PGM-RMT-QASQ_RULER,Supplier Quality Ruler Testing,Y,"Oct 27, 2017, 3:40 PM",PGM-RMT-QASQ_SAFETY,PGM-RMT-QASQ_SAFETY: SQ Safety Requirements,PGM-ROCKY MOUNT,Yes
PGM-RMT-QASQ_RULER,Supplier Quality Ruler Testing,Y,"Oct 27, 2017, 3:40 PM",PGM-RMT-QA_CV,PGM-RMT-QA_CV:  Curriculum Vitae,PGM-ROCKY MOUNT,Yes
PGM-RMT-QASQ_RULER,Supplier Quality Ruler Testing,Y,"Oct 27, 2017, 3:40 PM",PGM-RMT-SF_PRODEMP,PGM-RMT-SF_PRODEMP: Rocky Mount Product Contact Safety Training,PGM-ROCKY MOUNT,Yes
PGM-RMT-QASQ_SAMPPLN,Sampling Plans for Incoming Materials,Y,"Oct 27, 2017, 3:42 PM",PGM-RMT-QACQ_GEN_SF_TRN,PGM-RMT-QACQ_GEN_SF_TRN: Non Analyst Safety Training,PGM-ROCKY MOUNT,Yes
PGM-RMT-QASQ_SAMPPLN,Sampling Plans for Incoming Materials,Y,"Oct 27, 2017, 3:42 PM",PGM-RMT-QASQ_SAMPPLN,PGM-RMT-QASQ_SAMPPLN: Sampling Plans for Incoming Materials,PGM-ROCKY MOUNT,Yes
PGM-RMT-QASQ_SCHEDULE,Scheduling Commodities in the SQ Lab,Y,"Oct 27, 2017, 3:43 PM",PGM-RMT-ALL_NON_EXEMPT,PGM-RMT-ALL_NON_EXEMPT:  ROCKY MOUNT NON EXEMPT EMPLOYEE REQUIREMENTS,PGM-ROCKY MOUNT,Yes
PGM-RMT-QASQ_SCHEDULE,Scheduling Commodities in the SQ Lab,Y,"Oct 27, 2017, 3:43 PM",PGM-RMT-EH_EYE_EXAM,PGM-RMT-EH_EYE_EXAM:  Annual eye exam,PGM-ROCKY MOUNT,Yes
PGM-RMT-QASQ_SCHEDULE,Scheduling Commodities in the SQ Lab,Y,"Oct 27, 2017, 3:43 PM",PGM-RMT-QACQ_GEN_SF_TRN,PGM-RMT-QACQ_GEN_SF_TRN: Non Analyst Safety Training,PGM-ROCKY MOUNT,Yes
PGM-RMT-QASQ_SCHEDULE,Scheduling Commodities in the SQ Lab,Y,"Oct 27, 2017, 3:43 PM",PGM-RMT-QASQ_REQ_ALL,PGM-RMT-QASQ_REQ_ALL: SQ Requirements for All Dept,PGM-ROCKY MOUNT,Yes
PGM-RMT-QASQ_SCHEDULE,Scheduling Commodities in the SQ Lab,Y,"Oct 27, 2017, 3:43 PM",PGM-RMT-QASQ_SAFETY,PGM-RMT-QASQ_SAFETY: SQ Safety Requirements,PGM-ROCKY MOUNT,Yes
PGM-RMT-QASQ_SCHEDULE,Scheduling Commodities in the SQ Lab,Y,"Oct 27, 2017, 3:43 PM",PGM-RMT-QASQ_SCHEDULE,PGM-RMT-QASQ_SCHEDULE: Scheduling Commodities in IM,PGM-ROCKY MOUNT,Yes
PGM-RMT-QASQ_SCHEDULE,Scheduling Commodities in the SQ Lab,Y,"Oct 27, 2017, 3:43 PM",PGM-RMT-QA_CV,PGM-RMT-QA_CV:  Curriculum Vitae,PGM-ROCKY MOUNT,Yes
PGM-RMT-QASQ_SCHEDULE,Scheduling Commodities in the SQ Lab,Y,"Oct 27, 2017, 3:43 PM",PGM-RMT-SF_PRODEMP,PGM-RMT-SF_PRODEMP: Rocky Mount Product Contact Safety Training,PGM-ROCKY MOUNT,Yes
PGM-RMT-QASQ_SMS,Pfizer Supplier Management System,Y,"Jun 15, 2018, 8:26 PM",PGM-GBL-ERP-30000780,PR-SMS Display Only-GP,PGM,Yes
PGM-RMT-QASQ_SMS,Pfizer Supplier Management System,Y,"Jun 15, 2018, 8:26 PM",PGM-RMT-QASQ_SMS_REQ,PGM-RMT-QASQ_SMS_REQ:  Pfizer Supplier Management System Requirements,PGM-ROCKY MOUNT,Yes
PGM-RMT-QASQ_STOPPER,SQ Stopper Testing Requirements,Y,"Oct 27, 2017, 3:43 PM",PGM-RMT-ALL_NON_EXEMPT,PGM-RMT-ALL_NON_EXEMPT:  ROCKY MOUNT NON EXEMPT EMPLOYEE REQUIREMENTS,PGM-ROCKY MOUNT,Yes
PGM-RMT-QASQ_STOPPER,SQ Stopper Testing Requirements,Y,"Oct 27, 2017, 3:43 PM",PGM-RMT-EH_EYE_EXAM,PGM-RMT-EH_EYE_EXAM:  Annual eye exam,PGM-ROCKY MOUNT,Yes
PGM-RMT-QASQ_STOPPER,SQ Stopper Testing Requirements,Y,"Oct 27, 2017, 3:43 PM",PGM-RMT-QACQ_GEN_SF_TRN,PGM-RMT-QACQ_GEN_SF_TRN: Non Analyst Safety Training,PGM-ROCKY MOUNT,Yes
PGM-RMT-QASQ_STOPPER,SQ Stopper Testing Requirements,Y,"Oct 27, 2017, 3:43 PM",PGM-RMT-QASQ_COMM_TEST,PGM-RMT-QASQ_COMM_TEST: SQ Commodity Testing,PGM-ROCKY MOUNT,Yes
PGM-RMT-QASQ_STOPPER,SQ Stopper Testing Requirements,Y,"Oct 27, 2017, 3:43 PM",PGM-RMT-QASQ_REQ_ALL,PGM-RMT-QASQ_REQ_ALL: SQ Requirements for All Dept,PGM-ROCKY MOUNT,Yes
PGM-RMT-QASQ_STOPPER,SQ Stopper Testing Requirements,Y,"Oct 27, 2017, 3:43 PM",PGM-RMT-QASQ_SAFETY,PGM-RMT-QASQ_SAFETY: SQ Safety Requirements,PGM-ROCKY MOUNT,Yes
PGM-RMT-QASQ_STOPPER,SQ Stopper Testing Requirements,Y,"Oct 27, 2017, 3:43 PM",PGM-RMT-QASQ_STOPPER,PGM-RMT-QASQ_STOPPER: SQ Stopper Testing Requirements,PGM-ROCKY MOUNT,Yes
PGM-RMT-QASQ_STOPPER,SQ Stopper Testing Requirements,Y,"Oct 27, 2017, 3:43 PM",PGM-RMT-QA_CV,PGM-RMT-QA_CV:  Curriculum Vitae,PGM-ROCKY MOUNT,Yes
PGM-RMT-QASQ_STOPPER,SQ Stopper Testing Requirements,Y,"Oct 27, 2017, 3:43 PM",PGM-RMT-SF_PRODEMP,PGM-RMT-SF_PRODEMP: Rocky Mount Product Contact Safety Training,PGM-ROCKY MOUNT,Yes
PGM-RMT-QASQ_SUPV_REQ,SQ Labs Manager - Supervisor - Senior Supervisor,Y,"Apr 12, 2018, 9:37 AM",PGM-RMT-OPIT_RES_TRACK,PGM-RMT-OPIT_RES_TRACK: Restriction Tracking System,PGM-ROCKY MOUNT,Yes
PGM-RMT-QASQ_SUPV_REQ,SQ Labs Manager - Supervisor - Senior Supervisor,Y,"Apr 12, 2018, 9:37 AM",PGM-RMT-QACQ_GEN_SF_TRN,PGM-RMT-QACQ_GEN_SF_TRN: Non Analyst Safety Training,PGM-ROCKY MOUNT,Yes
PGM-RMT-QASQ_SUPV_REQ,SQ Labs Manager - Supervisor - Senior Supervisor,Y,"Apr 12, 2018, 9:37 AM",PGM-RMT-QASQ_GEN_REQ,PGM-RMT-QASQ_GEN_REQ: SQ Department Requirements,PGM-ROCKY MOUNT,Yes
PGM-RMT-QASQ_SUPV_REQ,SQ Labs Manager - Supervisor - Senior Supervisor,Y,"Apr 12, 2018, 9:37 AM",PGM-RMT-QASQ_REQ_ALL,PGM-RMT-QASQ_REQ_ALL: SQ Requirements for All Dept,PGM-ROCKY MOUNT,Yes
PGM-RMT-QASQ_SUPV_REQ,SQ Labs Manager - Supervisor - Senior Supervisor,Y,"Apr 12, 2018, 9:37 AM",PGM-RMT-QASQ_SAP_HK_MAT,PGM-RMT-QASQ_SAP_HK_MAT: SAP and HK HiRise Material Release,PGM-ROCKY MOUNT,Yes
PGM-RMT-QASQ_SUPV_REQ,SQ Labs Manager - Supervisor - Senior Supervisor,Y,"Apr 12, 2018, 9:37 AM",PGM-RMT-QASQ_SUPV_REQ,PGM-RMT-QASQ_SUPV_REQ: SQ Labs Manager Supervisor Sr. Supervisor,PGM-ROCKY MOUNT,Yes
PGM-RMT-QASQ_SUPV_REQ,SQ Labs Manager - Supervisor - Senior Supervisor,Y,"Apr 12, 2018, 9:37 AM",PGM-RMT-QA_CAPA_DEVICE,PGM-RMT-QA_CAPA_DEVICE: Rocky Mount CAPA Training for Medical Devices,PGM-ROCKY MOUNT,Yes
PGM-RMT-QASQ_SUPV_REQ,SQ Labs Manager - Supervisor - Senior Supervisor,Y,"Apr 12, 2018, 9:37 AM",PGM-RMT-QA_CV,PGM-RMT-QA_CV:  Curriculum Vitae,PGM-ROCKY MOUNT,Yes
PGM-RMT-QASQ_SUPV_REQ,SQ Labs Manager - Supervisor - Senior Supervisor,Y,"Apr 12, 2018, 9:37 AM",PGM-RMT-QA_LAB_REQ,PGM-RMT-QA_LAB_REQ: QA Laboratory Requirements,PGM-ROCKY MOUNT,Yes
PGM-RMT-QASQ_SUPV_REQ,SQ Labs Manager - Supervisor - Senior Supervisor,Y,"Apr 12, 2018, 9:37 AM",PGM-RMT-QA_QUALITYLEADER,PGM-RMT-QA_QUALITYLEADER: Training Requirements for Quality Leaders,PGM-ROCKY MOUNT,Yes
PGM-RMT-QASQ_TPDP_REQ,Supplier Quality TPDP Requirements,Y,"Oct 27, 2017, 3:44 PM",PGM-RMT-ALLEXEMPT,PGM-RMT-ALLEXEMPT: Training for All Exempt,PGM-ROCKY MOUNT,Yes
PGM-RMT-QASQ_TPDP_REQ,Supplier Quality TPDP Requirements,Y,"Oct 27, 2017, 3:44 PM",PGM-RMT-QACQ_GEN_SF_TRN,PGM-RMT-QACQ_GEN_SF_TRN: Non Analyst Safety Training,PGM-ROCKY MOUNT,Yes
PGM-RMT-QASQ_TPDP_REQ,Supplier Quality TPDP Requirements,Y,"Oct 27, 2017, 3:44 PM",PGM-RMT-QASQ_GEN_REQ,PGM-RMT-QASQ_GEN_REQ: SQ Department Requirements,PGM-ROCKY MOUNT,Yes
PGM-RMT-QASQ_TPDP_REQ,Supplier Quality TPDP Requirements,Y,"Oct 27, 2017, 3:44 PM",PGM-RMT-QASQ_SUPV_REQ,PGM-RMT-QASQ_SUPV_REQ: SQ Labs Manager Supervisor Sr. Supervisor,PGM-ROCKY MOUNT,Yes
PGM-RMT-QASQ_TPDP_REQ,Supplier Quality TPDP Requirements,Y,"Oct 27, 2017, 3:44 PM",PGM-RMT-QA_CV,PGM-RMT-QA_CV:  Curriculum Vitae,PGM-ROCKY MOUNT,Yes
PGM-RMT-QASQ_TPDP_REQ,Supplier Quality TPDP Requirements,Y,"Oct 27, 2017, 3:44 PM",PGM-RMT-QA_LAB_REQ,PGM-RMT-QA_LAB_REQ: QA Laboratory Requirements,PGM-ROCKY MOUNT,Yes
PGM-RMT-QASQ_UV_SPEC,UV Spectrophotometer Operator,Y,"Oct 27, 2017, 3:45 PM",PGM-RMT-QACQ_GEN_SF_TRN,PGM-RMT-QACQ_GEN_SF_TRN: Non Analyst Safety Training,PGM-ROCKY MOUNT,Yes
PGM-RMT-QASQ_UV_SPEC,UV Spectrophotometer Operator,Y,"Oct 27, 2017, 3:45 PM",PGM-RMT-QASQ_UV_SPEC_TQM,PGM-RMT-QASQ_UV_SPEC_TQM: Operating the UV Spectrophotometer in SQ TQ Module,PGM-ROCKY MOUNT,Yes
